ordinal,class,stage_number,stage,proof_root,proof_title,theorem_statement,reader_principle,result
1,Primary,1,SIGNED OCCUPANCY AND TEMPORAL ORIGIN,_u905_nested_signed_occupancy_origin_theorem,NESTED SIGNED OCCUPANCY ORIGIN THEOREM,Execute the exact certificate for NESTED SIGNED OCCUPANCY ORIGIN THEOREM on its generated dependency domain.,"Negative, zero, and positive outer states each contain A, B, and C inner signs. Every inner sign occurs in empty and full form, producing exactly eighteen primitive states.",TRUE
2,Primary,1,SIGNED OCCUPANCY AND TEMPORAL ORIGIN,theorem_structured_zero_recursive_state_semantics,STRUCTURED ZERO RECURSIVE STATE SEMANTICS THEOREM,"Prove the complete negative-zero-positive by A-B-C by full-empty state grammar and the distinction between relational zero, empty zero, full zero, and a saturated layer rebased as the next relational zero.","Negative, zero, and positive are relational positions, while full and empty are independent occupancy states. Zero can therefore be empty or full without contradiction. A completely saturated layer has no remaining internal contrast and becomes the centered zero reference of the next recursive layer.",TRUE
3,Primary,1,SIGNED OCCUPANCY AND TEMPORAL ORIGIN,theorem_complete_eighteen_state_semantic_bijection,COMPLETE EIGHTEEN STATE SEMANTIC BIJECTION THEOREM,"Prove a one-to-one semantic ledger for every outer sign, inner relation, and occupied-vacant state.","Every negative, zero and positive outer relation contains occupied and vacant A-negative, B-zero and C-positive inner relations. The complete semantic table is a bijection with the eighteen primitive tuples.",TRUE
4,Primary,1,SIGNED OCCUPANCY AND TEMPORAL ORIGIN,theorem_primitive_relational_category_global_minimality,PRIMITIVE RELATIONAL CATEGORY GLOBAL MINIMALITY THEOREM,Classify the finite reversible-sign and occupancy-complement product category and prove that three by three by two is its unique irreducible minimum.,"A reversible sign relation requires one negative direction, one relational zero, and one positive direction. Occupancy requires one empty and one full state. Any larger admissible finite alphabet contains extra independent reversal or complement pairs, while the unique irreducible minimum is three by three by two.",TRUE
5,Primary,1,SIGNED OCCUPANCY AND TEMPORAL ORIGIN,theorem_primitive_ledger_minimal_uniqueness,PRIMITIVE LEDGER MINIMAL UNIQUENESS THEOREM,"Classify the smallest reversible outer sign, inner relation, and occupancy alphabets and derive the eighteen-state ledger.","A reversible primitive sign system requires one fixed zero and one exchanged negative-positive pair, so its minimum size is three. An occupancy complement has no fixed point and one exchanged empty-full pair, so its minimum size is two; the unique minimal nested ledger therefore has eighteen states.",TRUE
6,Primary,1,SIGNED OCCUPANCY AND TEMPORAL ORIGIN,theorem_primitive_architecture_global_necessity,PRIMITIVE ARCHITECTURE GLOBAL NECESSITY THEOREM,Execute the exact certificate for PRIMITIVE ARCHITECTURE GLOBAL NECESSITY THEOREM on its generated dependency domain.,"The reversible outer sign, reversible inner relation, and complementary occupancy requirements are classified before any force role is named. Inside the declared irreducible grammar, only the three-by-three-by-two factorization uses every primitive label and preserves both residual signs and closure complement.",TRUE
7,Primary,1,SIGNED OCCUPANCY AND TEMPORAL ORIGIN,theorem_recursive_primitive_grammar_irreducibility,RECURSIVE PRIMITIVE GRAMMAR IRREDUCIBILITY THEOREM,"Prove that the recursive outer-sign, inner-sign, and occupancy grammar has no larger irreducible finite competitor.","Every finite involution decomposes into fixed points and exchanged pairs; requiring one relational zero and one connected reversible pair forces a three-state sign alphabet. Requiring one connected empty-full complement forces two occupancy states, so larger finite competitors are reducible copies rather than new irreducible primitives.",TRUE
8,Primary,1,SIGNED OCCUPANCY AND TEMPORAL ORIGIN,_zfr_zero_state_structure_theorem,ZERO STATE STRUCTURE THEOREM,"Separate algebraic zero, occupied balance, bound closure, supported cavity, absolute absence, and saturated relative zero.","Zero is classified by residual, occupation, boundary support, binding, and internal contrast. Equal opposite content and absolute absence are not the same state. A five-to-five state is an algebraic zero because the exposed residual vanishes, although both negative and positive contents remain present.",TRUE
9,Primary,1,SIGNED OCCUPANCY AND TEMPORAL ORIGIN,_zfr_residual_bias_saturation_theorem,RESIDUAL BIAS SATURATION THEOREM,Prove that one transferred unit from the five-to-five zero selects a preserved direction and reaches one-sided saturation in finitely many exact steps.,A time-ordered one-unit imbalance selects a direction. The conservative transfer law then amplifies the selected occupancy until the opposite side is exhausted. The proof establishes monotone directional ordering and finite saturation; the word entropy is used only as intuition unless a separate statistical measure is supplied.,TRUE
10,Primary,1,SIGNED OCCUPANCY AND TEMPORAL ORIGIN,_zfr_saturation_relative_zero_theorem,SATURATION RELATIVE ZERO THEOREM,Prove that a one-sign saturated state remains signed externally while becoming the zero baseline of its next internal relation layer.,A one-sign saturated state is nonzero from outside but has zero internal contrast because no opposite comparison state remains. The whole saturated layer is therefore reused as the next layer zero baseline while its outer sign record is preserved.,TRUE
11,Primary,1,SIGNED OCCUPANCY AND TEMPORAL ORIGIN,_zfr_recursive_relation_fractal_theorem,RECURSIVE RELATION FRACTAL THEOREM,Prove exact combinatorial self-similarity when every saturated relative zero carries the same eighteen-seat relation alphabet at the next depth.,"Fractal self-similarity comes from repetition of the same generation operator: zero, residual, direction, saturation, rebasing, and redifferentiation. The theorem fixes the relation alphabet, not a cone, sphere, onion, or any other unique spatial embedding.",TRUE
12,Primary,1,SIGNED OCCUPANCY AND TEMPORAL ORIGIN,_bidirectional_fractal_limit_theorem,BIDIRECTIONAL FRACTAL LIMIT THEOREM,Construct compatible inward refinement and outward aggregation limits from the repeated eighteen-seat relation alphabet.,The inward limit refines every saturated relative zero into eighteen child relations. The outward limit groups each complete family of eighteen children into one higher-layer unit. Both directions obey the same mass-consistent cylinder ledger.,TRUE
13,Primary,1,SIGNED OCCUPANCY AND TEMPORAL ORIGIN,_onion_shell_closure_theorem,ONION SHELL CLOSURE THEOREM,"Derive shell counts, balanced boundary ledgers, and the exact distinction between symbolic closure and a chosen spatial shape.","Layering produces exact shell and cumulative-count laws. Complete shells close their signed relation ledger, but the same symbolic shell admits inequivalent spatial embeddings, so no sphere, cone, torus, spiral, or branch is selected without an additional embedding rule.",TRUE
14,Primary,1,SIGNED OCCUPANCY AND TEMPORAL ORIGIN,_e895_relation_scale_topology_quantization_theorem,RELATION SCALE TOPOLOGY QUANTIZATION THEOREM,"Derive exact inward scales, outward aggregation, symbolic closure periods, conditional flux laws, and discrete shell levels from the generated three-by-three-by-two relation coordinates.","The eighteen-seat alphabet already has a canonical symbolic product coordinate system with three outer signs, three inner signs, and two occupations. This fixes exact combinatorial scale factors and closure periods without fixing a unique physical cone, sphere, torus, or other embedding.",TRUE
15,Primary,1,SIGNED OCCUPANCY AND TEMPORAL ORIGIN,_e896_symbolic_continuum_coordinate_theorem,SYMBOLIC CONTINUUM COORDINATE THEOREM,Decode infinite three-by-three-by-two relation paths into a complete three-coordinate continuum carrier and append the generated temporal order as a fourth causal coordinate.,The repeated three-by-three-by-two alphabet is not only a state count. Each infinite path has two ternary coordinate addresses and one binary coordinate address. Finite prefixes form nested rational boxes that partition one complete three-coordinate carrier; temporal residual order then supplies a separate causal coordinate.,TRUE
16,Primary,1,SIGNED OCCUPANCY AND TEMPORAL ORIGIN,_e897_three_dimensional_effective_world_projection_theorem,THREE DIMENSIONAL EFFECTIVE WORLD PROJECTION THEOREM,Construct a surjective many-to-one native-to-three-dimensional-world projection with exact quotient fibers and local descent.,"The effective world is a complete three-coordinate quotient layer rather than a literal two-dimensional shadow. Many hidden residual and phase states project to one local world cell, while the quotient remains normalized, surjective, and local on the declared finite carrier.",TRUE
17,Primary,1,SIGNED OCCUPANCY AND TEMPORAL ORIGIN,_e898_minimal_semantic_world_rank_theorem,MINIMAL SEMANTIC WORLD RANK THEOREM,Prove the minimal labeled three-coordinate rank of the primitive sign-sign-occupancy relation carrier.,"Three-dimensionality is not inferred merely from the number eighteen. It is forced inside the declared relation grammar by three independently changeable labeled primitives: outer sign, inner sign, and occupancy. Their local change vectors have rank three, and the unique labeled radix tuple is three, three, two.",TRUE
18,Primary,1,SIGNED OCCUPANCY AND TEMPORAL ORIGIN,_nsr_time_residual_seat_theorem,TIME RESIDUAL NESTED SEAT THEOREM,Generate the three-by-three-by-two relation seats from first and second residuals of one ordered scalar time chain.,Generate the three-by-three-by-two relation seats from first and second residuals of one ordered scalar time chain.,TRUE
19,Primary,1,SIGNED OCCUPANCY AND TEMPORAL ORIGIN,_nsr_local_readout_dynamics_theorem,NESTED RESIDUAL READOUT DYNAMICS THEOREM,Compute every outer readout from the current outer residual and the occupied inner residual channels.,Compute every outer readout from the current outer residual and the occupied inner residual channels.,TRUE
20,Primary,1,SIGNED OCCUPANCY AND TEMPORAL ORIGIN,_x893_minimal_ternary_update_uniqueness_theorem,MINIMAL TERNARY UPDATE UNIQUENESS THEOREM,Exhaust every deterministic ternary update and prove the residual-clipping law is unique under the native axioms.,"The outer readout law is not selected after seeing force data. Every deterministic ternary law is exhausted and only the clipped residual sum survives the native symmetry, cancellation, identity, and monotonicity axioms.",TRUE
21,Primary,1,SIGNED OCCUPANCY AND TEMPORAL ORIGIN,_u880_binary_time_residual_genesis_theorem,BINARY TIME RESIDUAL GENESIS THEOREM,"Derive the native levels, temporal decay modes, positive weights, and one all-order recurrence from one binary time-depth relation without observable-value input.","Derive the native levels, temporal decay modes, positive weights, and one all-order recurrence from one binary time-depth relation without observable-value input.",TRUE
22,Primary,1,SIGNED OCCUPANCY AND TEMPORAL ORIGIN,_double_zero_primitive_algebra_theorem,DOUBLE ZERO PRIMITIVE ALGEBRA THEOREM,"Derive four primitive occupancy states, two inequivalent zero states, and the complete character frame from two polarity projectors.","Derive four primitive occupancy states, two inequivalent zero states, and the complete character frame from two polarity projectors.",TRUE
23,Primary,1,SIGNED OCCUPANCY AND TEMPORAL ORIGIN,_residual_closure_conservation_theorem,RESIDUAL CLOSURE CONSERVATION THEOREM,Prove the unique lossless decomposition of every nonnegative polarity ledger into signed residual and closed pairs.,Prove the unique lossless decomposition of every nonnegative polarity ledger into signed residual and closed pairs.,TRUE
24,Primary,1,SIGNED OCCUPANCY AND TEMPORAL ORIGIN,_radix_independent_relation_structure_theorem,RADIX INDEPENDENT RELATION STRUCTURE THEOREM,"Prove that numeral bases and state names change representation only, while rank, character orthogonality, relation roots, edges, and facets remain invariant.","Prove that numeral bases and state names change representation only, while rank, character orthogonality, relation roots, edges, and facets remain invariant.",TRUE
25,Primary,1,SIGNED OCCUPANCY AND TEMPORAL ORIGIN,_u880_hankel_dimension_genesis_theorem,HANKEL DIMENSION GENESIS THEOREM,Prove that one scalar time stream has exact latent dimension four: Hankel ranks grow one by one through four and the fifth delay adds no new independent direction.,Prove that one scalar time stream has exact latent dimension four: Hankel ranks grow one by one through four and the fifth delay adds no new independent direction.,TRUE
26,Primary,1,SIGNED OCCUPANCY AND TEMPORAL ORIGIN,_e895_layer_time_dimension_role_completion_theorem,LAYER TIME DIMENSION ROLE COMPLETION THEOREM,"Relate microscopic saturation time, aggregate layer time, resolved recursive dimension, coarse dimension, and role classification in one exact hierarchy.","A completed lower-layer process is one higher-layer event. Resolving every layer reveals three new symbolic coordinates per depth, while coarse observation compresses the closed lower hierarchy to one three-coordinate effective carrier. Physical role is selected by closure and projection predicates rather than by an immutable label.",TRUE
27,Primary,1,SIGNED OCCUPANCY AND TEMPORAL ORIGIN,_e897_universal_causal_update_speed_theorem,UNIVERSAL CAUSAL UPDATE SPEED THEOREM,Generate a layer-invariant causal speed from synchronized relation and time updates and prove a no-go for object-specific universality.,The invariant causal ratio is generated by one spatial relation update per one effective temporal update and is preserved when both are coarse-grained by the exact six-step closure period. Object-specific native speeds differ and therefore cannot alone define the universal limit.,TRUE
28,Primary,1,SIGNED OCCUPANCY AND TEMPORAL ORIGIN,_e898_exact_lorentz_causal_subgroup_theorem,EXACT LORENTZ CAUSAL SUBGROUP THEOREM,Construct a nontrivial exact rational Lorentz subgroup preserving the generated causal cone and spatial metric.,The generated causal speed is not only a ratio. A nontrivial exact rational boost and an exact rational spatial rotation preserve the same three-plus-one interval and its null cone. This supplies an internal causal-frame symmetry without inserting a measured speed.,TRUE
29,Primary,1,SIGNED OCCUPANCY AND TEMPORAL ORIGIN,_e896_common_residual_renormalization_theorem,COMMON RESIDUAL RENORMALIZATION THEOREM,Prove that eighteen child relations split canonically into one coarse common mode and a seventeen-dimensional zero-sum residual kernel preserved by exact refine-coarsen maps.,A complete family of eighteen lower-layer relations has one average common readout and seventeen independent deviations that sum to zero. Exact coarse graining keeps the common mode and hides the residual kernel; exact refinement restores a uniform child family. This supplies a scale-independent one-plus-seventeen decomposition before any physical role name is assigned.,TRUE
30,Primary,1,SIGNED OCCUPANCY AND TEMPORAL ORIGIN,_u880_residual_coordinate_basis_theorem,RESIDUAL COORDINATE BASIS THEOREM,Prove that residual orders zero through three form an invertible dimension-generating coordinate basis for every four-sample temporal window.,Prove that residual orders zero through three form an invertible dimension-generating coordinate basis for every four-sample temporal window.,TRUE
31,Primary,1,SIGNED OCCUPANCY AND TEMPORAL ORIGIN,_u880_causal_companion_dynamics_theorem,CAUSAL COMPANION DYNAMICS THEOREM,Derive one unique companion evolution from the temporal recurrence and prove that the bounded forward orientation distinguishes causal time from its expanding inverse.,Derive one unique companion evolution from the temporal recurrence and prove that the bounded forward orientation distinguishes causal time from its expanding inverse.,TRUE
32,Primary,1,SIGNED OCCUPANCY AND TEMPORAL ORIGIN,_u905_temporal_residual_genesis_theorem,TEMPORAL RESIDUAL GENESIS THEOREM,Derive the complete three-residual jet and its unique contractive spectral ratio from one ordered scalar chain.,"One ordered temporal chain generates the outer sign as a first residual and the inner sign as a second residual. The occupancy transition generates the common, signed, and curvature modes with exact rational eigenvalues.",TRUE
33,Primary,1,SIGNED OCCUPANCY AND TEMPORAL ORIGIN,theorem_time_origin_causal_priority,TIME ORIGIN CAUSAL PRIORITY THEOREM,"Prove that the eighteen nested signed-occupancy states first generate one ordered temporal line, and only its three nonconstant residuals generate the spatial carrier and four force sectors.",The eighteen nested signed-occupancy states first form one ordered scalar history. Three finite residuals of that history generate the spatial carrier before any force sector is read.,TRUE
34,Primary,1,SIGNED OCCUPANCY AND TEMPORAL ORIGIN,theorem_time_residual_dimension_strict_dependency,TIME RESIDUAL DIMENSION STRICT DEPENDENCY THEOREM,"Prove the strict dependency time first, three residuals second, spatial rank three third, and shell closure fourth.","Time is not appended to a pre-existing space. Directed update generates one temporal order, its three independent residual records generate spatial rank three, and those directions close into the JS shell.",TRUE
35,Primary,1,SIGNED OCCUPANCY AND TEMPORAL ORIGIN,theorem_temporal_residual_additive_depth_origin,TEMPORAL RESIDUAL ADDITIVE DEPTH ORIGIN THEOREM,Derive the logarithmic-class additive depth as the unique normalized homomorphism of the primitive temporal contraction orbit without evaluating a logarithm.,"The primitive one-third contraction composes multiplicatively, while its uniquely normalized depth composes additively. This is the origin of the logarithmic coordinate class without a logarithm call.",TRUE
36,Primary,1,SIGNED OCCUPANCY AND TEMPORAL ORIGIN,theorem_regular_source_multiaxis_orbit,REGULAR SOURCE MULTIAXIS ORBIT THEOREM,"Derive one regular temporal source orbit and its simultaneous linear, bounded, mirrored, and multiplicative readouts.","The primitive eighteen-state signed occupancy ledger supplies a regular temporal order and three independent residual directions. One native step is linear in depth while its bounded inward, bounded outward, and multiplicative readouts change simultaneously.",TRUE
37,Narrative,1,SIGNED OCCUPANCY AND TEMPORAL ORIGIN,prove_zero_bipolar_origin_algebra,ZERO BIPOLAR ORIGIN ALGEBRA,Execute the exact certificate for ZERO BIPOLAR ORIGIN ALGEBRA on its generated dependency domain.,This theorem supplies the generated object required by the next causal stage.,TRUE
38,Narrative,1,SIGNED OCCUPANCY AND TEMPORAL ORIGIN,prove_finite_mirror_closure,FINITE MIRROR CLOSURE,Execute the exact certificate for FINITE MIRROR CLOSURE on its generated dependency domain.,This theorem supplies the generated object required by the next causal stage.,TRUE
39,Narrative,1,SIGNED OCCUPANCY AND TEMPORAL ORIGIN,prove_causal_drive_lag_order,CAUSAL DRIVE LAG ORDER,Execute the exact certificate for CAUSAL DRIVE LAG ORDER on its generated dependency domain.,This theorem supplies the generated object required by the next causal stage.,TRUE
40,Narrative,1,SIGNED OCCUPANCY AND TEMPORAL ORIGIN,prove_native_constant_origin_circle_closure,NATIVE CONSTANT ORIGIN AND CIRCLE CLOSURE,Execute the exact certificate for NATIVE CONSTANT ORIGIN AND CIRCLE CLOSURE on its generated dependency domain.,This theorem supplies the generated object required by the next causal stage.,TRUE
41,Primary,2,RESIDUAL DIMENSION AND JS GEOMETRY,_nsr_global_signature_js_shell_theorem,TWELVE SIGNATURE JS SHELL THEOREM,"Compress all five hundred twelve simultaneous occupancy arrays into twelve exact transition signatures and derive the twelve, one hundred forty-four, and sixteen multiplicities.","Compress all five hundred twelve simultaneous occupancy arrays into twelve exact transition signatures and derive the twelve, one hundred forty-four, and sixteen multiplicities.",TRUE
42,Primary,2,RESIDUAL DIMENSION AND JS GEOMETRY,_relation_root_js_cell_genesis_theorem,RELATION ROOT JS CELL GENESIS THEOREM,Generate the complete twelve-seat JS shell as the A3 relation-root polytope of the four primitive double-zero states.,Generate the complete twelve-seat JS shell as the A3 relation-root polytope of the four primitive double-zero states.,TRUE
43,Primary,2,RESIDUAL DIMENSION AND JS GEOMETRY,_js_chain_hodge_local_action_theorem,JS CHAIN HODGE LOCAL ACTION THEOREM,"Prove the closed JS surface chain, its exact homology, the complete edge Hodge dimension count, and positive local channel actions.","Prove the closed JS surface chain, its exact homology, the complete edge Hodge dimension count, and positive local channel actions.",TRUE
44,Primary,2,RESIDUAL DIMENSION AND JS GEOMETRY,_temporal_double_zero_js_dynamics_theorem,TEMPORAL DOUBLE ZERO JS DYNAMICS THEOREM,"Transport the primitive temporal companion through residual generation, double-zero occupancy, the twelve relation roots, and complete four-force observation.","Transport the primitive temporal companion through residual generation, double-zero occupancy, the twelve relation roots, and complete four-force observation.",TRUE
45,Primary,2,RESIDUAL DIMENSION AND JS GEOMETRY,_time_double_zero_relation_cell_force_completion_theorem,TIME DOUBLE ZERO RELATION CELL FORCE COMPLETION THEOREM,"Integrate primitive time, polarity occupancy, double-zero conservation, radix independence, dimension genesis, relation-root JS geometry, local action, and four-force dynamics.","Integrate primitive time, polarity occupancy, double-zero conservation, radix independence, dimension genesis, relation-root JS geometry, local action, and four-force dynamics.",TRUE
46,Primary,2,RESIDUAL DIMENSION AND JS GEOMETRY,_u882_three_slot_complete_state_theorem,THREE SLOT COMPLETE STATE THEOREM,Prove that the complete three-slot state cube has six single-polarity states and two additional balanced-zero states.,Prove that the complete three-slot state cube has six single-polarity states and two additional balanced-zero states.,TRUE
47,Primary,2,RESIDUAL DIMENSION AND JS GEOMETRY,_u882_residual_closure_phase_ledger_theorem,RESIDUAL CLOSURE PHASE LEDGER THEOREM,"Separate conserved polarity content, closed-pair depth, and the binary open-closed phase without deleting balanced content.","Separate conserved polarity content, closed-pair depth, and the binary open-closed phase without deleting balanced content.",TRUE
48,Primary,2,RESIDUAL DIMENSION AND JS GEOMETRY,_u882_open_closed_zero_particle_wave_theorem,OPEN CLOSED ZERO PARTICLE WAVE THEOREM,Distinguish the four zero preimages and derive exact open two-channel and closed one-channel operators.,Distinguish the four zero preimages and derive exact open two-channel and closed one-channel operators.,TRUE
49,Primary,2,RESIDUAL DIMENSION AND JS GEOMETRY,_u882_information_preserving_detection_theorem,INFORMATION PRESERVING DETECTION THEOREM,Prove that closure observation can create a localized branch while the complementary branch preserves the complete open state.,Prove that closure observation can create a localized branch while the complementary branch preserves the complete open state.,TRUE
50,Primary,2,RESIDUAL DIMENSION AND JS GEOMETRY,_u882_four_force_particle_wave_readout_theorem,FOUR FORCE PARTICLE WAVE READOUT THEOREM,Generate four force readouts and particle-wave readouts from the complete three-slot state without loss.,Generate four force readouts and particle-wave readouts from the complete three-slot state without loss.,TRUE
51,Primary,2,RESIDUAL DIMENSION AND JS GEOMETRY,_u882_double_js_layer_closure_lift_theorem,DOUBLE JS LAYER CLOSURE LIFT THEOREM,Lift the twelve-relation JS cell through the open and closed closure layers without changing its latent incidence.,Lift the twelve-relation JS cell through the open and closed closure layers without changing its latent incidence.,TRUE
52,Primary,2,RESIDUAL DIMENSION AND JS GEOMETRY,_u882_temporal_wave_particle_cycle_theorem,TEMPORAL WAVE PARTICLE CYCLE THEOREM,Generate the minimal open-closed manifestation cycle from one ordered temporal step while preserving carrier and signed readouts.,Generate the minimal open-closed manifestation cycle from one ordered temporal step while preserving carrier and signed readouts.,TRUE
53,Primary,2,RESIDUAL DIMENSION AND JS GEOMETRY,_u882_three_slot_particle_wave_force_completion_theorem,THREE SLOT PARTICLE WAVE FORCE COMPLETION THEOREM,"Integrate time, three-slot occupancy, four zero preimages, particle-wave closure, JS geometry, and four-force readout.","Integrate time, three-slot occupancy, four zero preimages, particle-wave closure, JS geometry, and four-force readout.",TRUE
54,Primary,2,RESIDUAL DIMENSION AND JS GEOMETRY,_residual_dimension_genesis_theorem,RESIDUAL DIMENSION GENESIS THEOREM,Execute the exact certificate for RESIDUAL DIMENSION GENESIS THEOREM on its generated dependency domain.,This theorem supplies the generated object required by the next causal stage.,TRUE
55,Primary,2,RESIDUAL DIMENSION AND JS GEOMETRY,_fundamental_residual_dynamics_theorem,FUNDAMENTAL RESIDUAL DYNAMICS THEOREM,Execute the exact certificate for FUNDAMENTAL RESIDUAL DYNAMICS THEOREM on its generated dependency domain.,This theorem supplies the generated object required by the next causal stage.,TRUE
56,Primary,2,RESIDUAL DIMENSION AND JS GEOMETRY,_residual_field_dynamics_theorem,RESIDUAL FIELD DYNAMICS THEOREM,Execute the exact certificate for RESIDUAL FIELD DYNAMICS THEOREM on its generated dependency domain.,This theorem supplies the generated object required by the next causal stage.,TRUE
57,Primary,2,RESIDUAL DIMENSION AND JS GEOMETRY,_residual_continuum_action_theorem,RESIDUAL CONTINUUM ACTION THEOREM,Execute the exact certificate for RESIDUAL CONTINUUM ACTION THEOREM on its generated dependency domain.,This theorem supplies the generated object required by the next causal stage.,TRUE
58,Primary,2,RESIDUAL DIMENSION AND JS GEOMETRY,_primitive_event_axis_redistribution_theorem,PRIMITIVE EVENT AXIS REDISTRIBUTION THEOREM,Execute the exact certificate for PRIMITIVE EVENT AXIS REDISTRIBUTION THEOREM on its generated dependency domain.,This theorem supplies the generated object required by the next causal stage.,TRUE
59,Primary,2,RESIDUAL DIMENSION AND JS GEOMETRY,_event_axis_spatial_reconstruction_theorem,EVENT AXIS SPATIAL RECONSTRUCTION THEOREM,Execute the exact certificate for EVENT AXIS SPATIAL RECONSTRUCTION THEOREM on its generated dependency domain.,This theorem supplies the generated object required by the next causal stage.,TRUE
60,Primary,2,RESIDUAL DIMENSION AND JS GEOMETRY,_master_time_residual_unified_action_theorem,MASTER TIME RESIDUAL UNIFIED ACTION THEOREM,Execute the exact certificate for MASTER TIME RESIDUAL UNIFIED ACTION THEOREM on its generated dependency domain.,This theorem supplies the generated object required by the next causal stage.,TRUE
61,Primary,2,RESIDUAL DIMENSION AND JS GEOMETRY,_general_redistribution_source_theorem,GENERAL REDISTRIBUTION SOURCE THEOREM,Execute the exact certificate for GENERAL REDISTRIBUTION SOURCE THEOREM on its generated dependency domain.,This theorem supplies the generated object required by the next causal stage.,TRUE
62,Primary,2,RESIDUAL DIMENSION AND JS GEOMETRY,_general_event_measure_continuum_descent_theorem,GENERAL EVENT MEASURE CONTINUUM DESCENT THEOREM,Execute the exact certificate for GENERAL EVENT MEASURE CONTINUUM DESCENT THEOREM on its generated dependency domain.,This theorem supplies the generated object required by the next causal stage.,TRUE
63,Primary,2,RESIDUAL DIMENSION AND JS GEOMETRY,_u880_four_force_temporal_tomography_theorem,FOUR FORCE TEMPORAL TOMOGRAPHY THEOREM,Generate all four force readouts from temporal residual coordinates and prove exact two-way tomography from one scalar time history.,Generate all four force readouts from temporal residual coordinates and prove exact two-way tomography from one scalar time history.,TRUE
64,Primary,2,RESIDUAL DIMENSION AND JS GEOMETRY,_u880_temporal_lorentzian_mass_theorem,TEMPORAL LORENTZIAN MASS THEOREM,"Generate a positive mass form from temporal correlations and a one-time-plus-three-residual Lorentzian form, then prove exact preservation under complete force projection.","Generate a positive mass form from temporal correlations and a one-time-plus-three-residual Lorentzian form, then prove exact preservation under complete force projection.",TRUE
65,Primary,2,RESIDUAL DIMENSION AND JS GEOMETRY,_u880_temporal_variational_action_theorem,TEMPORAL VARIATIONAL ACTION THEOREM,Derive the companion evolution as the unique zero of a positive temporal action and prove exact variational equivalence after residual and force projection.,Derive the companion evolution as the unique zero of a positive temporal action and prove exact variational equivalence after residual and force projection.,TRUE
66,Primary,2,RESIDUAL DIMENSION AND JS GEOMETRY,_u880_time_residual_dimension_force_completion_theorem,TIME RESIDUAL DIMENSION FORCE COMPLETION THEOREM,"Integrate one primitive time depth, cumulative residual generation, exact dimension genesis, causal evolution, four-force tomography, Lorentzian mass transport, and variational dynamics.","Integrate one primitive time depth, cumulative residual generation, exact dimension genesis, causal evolution, four-force tomography, Lorentzian mass transport, and variational dynamics.",TRUE
67,Primary,2,RESIDUAL DIMENSION AND JS GEOMETRY,_u905_recursive_dimension_genesis_theorem,RECURSIVE DIMENSION GENESIS THEOREM,Construct the three-dimensional residual fiber as the exact quotient of four ordered samples by the constant temporal line.,Two ternary coordinates and one binary coordinate generate three independent spatial directions. Temporal residual depth supplies causal order and every depth contains eighteen to the depth cells.,TRUE
68,Primary,2,RESIDUAL DIMENSION AND JS GEOMETRY,theorem_parent_shadow_canonical_decomposition,PARENT SHADOW CANONICAL DECOMPOSITION THEOREM,"Derive the anonymous ranks five, eight, one and three from the unique interaction-order decomposition of the three-by-three-by-two grammar.","The source does not choose one force path. One complete product grammar is decomposed simultaneously by its unique uniform conditional expectations. Main effects, pair interactions and the scalar plus traceless parts of the full triple interaction are the canonical anonymous shadows.",TRUE
69,Primary,2,RESIDUAL DIMENSION AND JS GEOMETRY,theorem_parent_shadow_algebra_realization,PARENT SHADOW ALGEBRA REALIZATION THEOREM,Realize the four canonical anonymous shadow blocks as the unique generated matrix-response types before physical names are attached.,"The anonymous blocks are not selected by matching four known force dimensions. The three primitive factor complements and the generated spatial rank canonically supply one symmetric tracefree spatial response, one central scalar, one traceless two-state endomorphism algebra and one traceless three-state endomorphism algebra.",TRUE
70,Primary,2,RESIDUAL DIMENSION AND JS GEOMETRY,theorem_parent_shadow_no_choice_equivalence,PARENT SHADOW NO CHOICE EQUIVALENCE THEOREM,"Prove that admissible relabelings change only coordinates, while every complete interaction-order shadow retains the same canonical block ranks.","A single parent object is not selected from several force worlds. Every admissible simultaneous relabeling is a coordinate change of the same parent, and the four canonical nonconstant blocks occur together. Merging or splitting the canonical ranges changes the shadow resolution or basis bookkeeping; it does not create another parent object or another dynamical source.",TRUE
71,Primary,2,RESIDUAL DIMENSION AND JS GEOMETRY,theorem_refined_shadow_dispersion_isotropy,REFINED SHADOW DISPERSION ISOTROPY THEOREM,Derive the refinement decay of the actual convolution kinetic symbol from the primitive twelve-direction step distribution.,"Refinement is the normalized convolution of independent primitive relation steps. The quadratic kinetic tensor is exactly isotropic at every level. The direction-dependent fourth cumulant is recomputed from the convolution law and falls as one over the actual path count, rather than being assigned an external contraction factor.",TRUE
72,Primary,2,RESIDUAL DIMENSION AND JS GEOMETRY,theorem_causal_signature_uniqueness,CAUSAL SIGNATURE UNIQUENESS THEOREM,Classify the Lorentz signature as one global-sign equivalence class on the temporal-line plus residual-fiber decomposition.,"The source supplies one distinguished ordered coordinate and three permutation-equivalent residual coordinates. After removing one positive overall scale, nondegeneracy plus a nontrivial null boundary uniquely selects one opposite temporal sign and three equal spatial signs.",TRUE
73,Primary,2,RESIDUAL DIMENSION AND JS GEOMETRY,theorem_four_dimensional_shadow_axis_rank,FOUR DIMENSIONAL SHADOW AXIS RANK THEOREM,Prove a nondegenerate four-coordinate jet carrier and preservation of its rank under interior bounded projection.,"One ordered temporal axis and three independent residual readouts form a nondegenerate four-coordinate chart. Every single-axis deletion has the expected nondegenerate lower-rank minor, and interior bounded compression preserves rank.",TRUE
74,Primary,2,RESIDUAL DIMENSION AND JS GEOMETRY,theorem_minimal_source_geometry_natural_selection,MINIMAL SOURCE GEOMETRY NATURAL SELECTION THEOREM,Select the twelve-direction shell as the unique minimal signed two-axis orbit generated after spatial rank three.,"The three generated residual axes and the negative-zero-positive alphabet leave one minimal reversal- and relabeling-closed orbit with two active unit coordinates. That orbit has twelve directions, twenty-four edges, degree four, zero first moment, and isotropic second moment; no particular cone or illumination model is assumed.",TRUE
75,Primary,2,RESIDUAL DIMENSION AND JS GEOMETRY,theorem_lorentz_refinement_isotropy,LORENTZ REFINEMENT ISOTROPY THEOREM,"Prove exact second-moment spatial isotropy, rational Lorentz covariance, and refinement-exact quadratic kinetic operators.","The twelve generated directions have zero first moment and an identity normalized second moment, so every quadratic spatial kinetic form is direction independent. Rational boosts preserve the Minkowski metric exactly, compose inside the same parameterization, and quadratic local kinetic operators are exact at every refinement.",TRUE
76,Primary,2,RESIDUAL DIMENSION AND JS GEOMETRY,theorem_lorentz_anisotropy_scale_closure,LORENTZ ANISOTROPY SCALE CLOSURE THEOREM,Execute the exact certificate for LORENTZ ANISOTROPY SCALE CLOSURE THEOREM on its generated dependency domain.,The twelve source directions have exact quadratic isotropy. Their first higher-order directional defect is displayed rather than hidden and obeys the exact native blocking contraction at every scale.,TRUE
77,Primary,2,RESIDUAL DIMENSION AND JS GEOMETRY,theorem_all_rational_lorentz_group_identity,ALL RATIONAL LORENTZ GROUP IDENTITY THEOREM,"Prove the Lorentz metric, determinant, and composition identities as polynomial identities for every admissible rational boost parameter.","The rational boost formula is cleared of denominators and verified as a polynomial identity, so the metric and determinant statements hold for every admissible rational parameter rather than for a finite sample. The same cross-multiplied calculation proves the exact velocity-composition law for every admissible rational pair.",TRUE
78,Narrative,2,RESIDUAL DIMENSION AND JS GEOMETRY,prove_dimensional_bridge_quotient,DIMENSIONAL BRIDGE QUOTIENT,Execute the exact certificate for DIMENSIONAL BRIDGE QUOTIENT on its generated dependency domain.,This theorem supplies the generated object required by the next causal stage.,TRUE
79,Narrative,2,RESIDUAL DIMENSION AND JS GEOMETRY,prove_gravity_orbit_shell_spectral_geometry,GRAVITY CONFIGURATION ORBIT AND C12 SPECTRAL GEOMETRY,Execute the exact certificate for GRAVITY CONFIGURATION ORBIT AND C12 SPECTRAL GEOMETRY on its generated dependency domain.,This theorem supplies the generated object required by the next causal stage.,TRUE
80,Narrative,2,RESIDUAL DIMENSION AND JS GEOMETRY,prove_four_dimensional_projective_quantum_geometry,FOUR DIMENSIONAL PROJECTIVE CONTINUUM AND QUANTUM GEOMETRY,Execute the exact certificate for FOUR DIMENSIONAL PROJECTIVE CONTINUUM AND QUANTUM GEOMETRY on its generated dependency domain.,This theorem supplies the generated object required by the next causal stage.,TRUE
81,Narrative,2,RESIDUAL DIMENSION AND JS GEOMETRY,prove_cylinder_flux_nonlinear_covariance,CYLINDER FUNCTIONAL FLUX NORMALIZATION AND NONLINEAR COVARIANCE,Execute the exact certificate for CYLINDER FUNCTIONAL FLUX NORMALIZATION AND NONLINEAR COVARIANCE on its generated dependency domain.,This theorem supplies the generated object required by the next causal stage.,TRUE
82,Narrative,2,RESIDUAL DIMENSION AND JS GEOMETRY,prove_completion_tree_curved_semiclassical_limit,CYLINDER COMPLETION TREE AUTOMORPHISM AND CURVED SEMICLASSICAL LIMIT,Execute the exact certificate for CYLINDER COMPLETION TREE AUTOMORPHISM AND CURVED SEMICLASSICAL LIMIT on its generated dependency domain.,This theorem supplies the generated object required by the next causal stage.,TRUE
83,Narrative,2,RESIDUAL DIMENSION AND JS GEOMETRY,prove_phase_atlas_cobordism_einstein_bridge,PHASE ATLAS COBORDISM SURGERY AND EINSTEIN BRIDGE,Execute the exact certificate for PHASE ATLAS COBORDISM SURGERY AND EINSTEIN BRIDGE on its generated dependency domain.,This theorem supplies the generated object required by the next causal stage.,TRUE
84,Narrative,2,RESIDUAL DIMENSION AND JS GEOMETRY,prove_phase_presentation_infinite_atlas_completion,PHASE PRESENTATION AND INFINITE ATLAS COMPLETION,Execute the exact certificate for PHASE PRESENTATION AND INFINITE ATLAS COMPLETION on its generated dependency domain.,This theorem supplies the generated object required by the next causal stage.,TRUE
85,Primary,3,FOUR FORCE CARRIERS AND PARENT ACTION,_ordered_zero_bipolar_action_selector_theorem,ORDERED ZERO BIPOLAR ACTION SELECTOR THEOREM,Execute the exact certificate for ORDERED ZERO BIPOLAR ACTION SELECTOR THEOREM on its generated dependency domain.,This theorem supplies the generated object required by the next causal stage.,TRUE
86,Primary,3,FOUR FORCE CARRIERS AND PARENT ACTION,_connected_quotient_dirichlet_action_theorem,CONNECTED QUOTIENT DIRICHLET ACTION THEOREM,Execute the exact certificate for CONNECTED QUOTIENT DIRICHLET ACTION THEOREM on its generated dependency domain.,This theorem supplies the generated object required by the next causal stage.,TRUE
87,Primary,3,FOUR FORCE CARRIERS AND PARENT ACTION,_exact_schur_projective_action_theorem,EXACT SCHUR PROJECTIVE ACTION THEOREM,Execute the exact certificate for EXACT SCHUR PROJECTIVE ACTION THEOREM on its generated dependency domain.,This theorem supplies the generated object required by the next causal stage.,TRUE
88,Primary,3,FOUR FORCE CARRIERS AND PARENT ACTION,_twenty_two_channel_coupled_action_theorem,TWENTY TWO CHANNEL COUPLED ACTION THEOREM,Execute the exact certificate for TWENTY TWO CHANNEL COUPLED ACTION THEOREM on its generated dependency domain.,This theorem supplies the generated object required by the next causal stage.,TRUE
89,Primary,3,FOUR FORCE CARRIERS AND PARENT ACTION,_four_dimensional_field_realization_theorem,FOUR DIMENSIONAL FIELD REALIZATION THEOREM,Execute the exact certificate for FOUR DIMENSIONAL FIELD REALIZATION THEOREM on its generated dependency domain.,This theorem supplies the generated object required by the next causal stage.,TRUE
90,Primary,3,FOUR FORCE CARRIERS AND PARENT ACTION,_double_zero_four_force_readout_theorem,DOUBLE ZERO FOUR FORCE READOUT THEOREM,"Derive gravity, electromagnetic, weak zero-type, and strong closure readouts from the four primitive states and prove complete recovery.","Derive gravity, electromagnetic, weak zero-type, and strong closure readouts from the four primitive states and prove complete recovery.",TRUE
91,Primary,3,FOUR FORCE CARRIERS AND PARENT ACTION,_nsr_character_force_decomposition_theorem,NESTED CHARACTER FORCE DECOMPOSITION THEOREM,"Decompose the eighteen relation seats by orthogonal ternary degree and empty-full parity into one common mode and force dimensions five, one, three, and eight.","Decompose the eighteen relation seats by orthogonal ternary degree and empty-full parity into one common mode and force dimensions five, one, three, and eight.",TRUE
92,Primary,3,FOUR FORCE CARRIERS AND PARENT ACTION,_x893_force_sector_selector_uniqueness_theorem,FORCE SECTOR SELECTOR UNIQUENESS THEOREM,Prove the one-plus-five-one-three-eight split is the unique invariant assignment on the generated character basis.,"Once the eighteen orthogonal characters have been generated, occupation parity, ternary degree, common-mode exclusion, and completeness leave exactly one sector label for every character.",TRUE
93,Primary,3,FOUR FORCE CARRIERS AND PARENT ACTION,theorem_anonymous_force_role_permutation_uniqueness,ANONYMOUS FORCE ROLE PERMUTATION UNIQUENESS THEOREM,"Remove all force names from the generated carriers, test every permutation, and recover exactly one electromagnetic, weak, strong, and gravitational assignment from algebraic signatures alone.","The four carriers are generated and anonymized before physical names are allowed. All twenty-four assignments are tested using only dimension, centrality, chirality, color tracelessness, and universal spin-two metric action. Exactly one assignment survives.",TRUE
94,Primary,3,FOUR FORCE CARRIERS AND PARENT ACTION,_ofc_origin_force_carrier_dimension_theorem,ORIGIN FORCE CARRIER DIMENSION THEOREM,"Derive the dimensions five, one, three, and eight from primitive relation spaces rather than from decimal labels.","Derive the dimensions five, one, three, and eight from primitive relation spaces rather than from decimal labels.",TRUE
95,Primary,3,FOUR FORCE CARRIERS AND PARENT ACTION,_ofc_exact_compact_algebra_theorem,EXACT COMPACT ALGEBRA THEOREM,"Construct rational anti-Hermitian bases for the weak and color algebras and prove exact closure, Jacobi identity, and compact conjugation covariance.","Construct rational anti-Hermitian bases for the weak and color algebras and prove exact closure, Jacobi identity, and compact conjugation covariance.",TRUE
96,Primary,3,FOUR FORCE CARRIERS AND PARENT ACTION,_ofc_parent_local_action_theorem,SINGLE PARENT LOCAL ACTION THEOREM,"Construct one seventeen-component local cochain action and derive all four sector actions, equations, gauge identities, and coefficients by orthogonal projection.","Construct one seventeen-component local cochain action and derive all four sector actions, equations, gauge identities, and coefficients by orthogonal projection.",TRUE
97,Primary,3,FOUR FORCE CARRIERS AND PARENT ACTION,_ofc_nonabelian_parent_interaction_theorem,NONABELIAN PARENT INTERACTION THEOREM,"Generate exact local weak and color commutator curvature, compact covariance, positive action, and Jacobi-Bianchi closure inside the same parent carrier.","Generate exact local weak and color commutator curvature, compact covariance, positive action, and Jacobi-Bianchi closure inside the same parent carrier.",TRUE
98,Primary,3,FOUR FORCE CARRIERS AND PARENT ACTION,_ofc_parent_constraint_assembly_theorem,PARENT CONSTRAINT ASSEMBLY THEOREM,"Assemble gauge-source conservation, nonabelian Bianchi closure, and Lorentzian constraint propagation into one direct-sum parent identity.","Assemble gauge-source conservation, nonabelian Bianchi closure, and Lorentzian constraint propagation into one direct-sum parent identity.",TRUE
99,Primary,3,FOUR FORCE CARRIERS AND PARENT ACTION,_ofc_polynomial_parent_refinement_theorem,POLYNOMIAL PARENT REFINEMENT THEOREM,Extend the single parent action to an exact polynomial continuum partition in all seventeen components and prove sector projections commute with every generated refinement.,Extend the single parent action to an exact polynomial continuum partition in all seventeen components and prove sector projections commute with every generated refinement.,TRUE
100,Primary,3,FOUR FORCE CARRIERS AND PARENT ACTION,_ofc_unified_ratio_seal_theorem,UNIFIED RATIO SEAL THEOREM,Seal dimensionless parent ratios before external comparison and require independent signed records for empirical success.,Seal dimensionless parent ratios before external comparison and require independent signed records for empirical success.,TRUE
101,Primary,3,FOUR FORCE CARRIERS AND PARENT ACTION,_origin_parent_field_completion_theorem,ORIGIN PARENT FIELD COMPLETION THEOREM,"Integrate origin-derived carrier dimensions, exact compact algebras, one local parent action, nonabelian interactions, constraints, continuum refinement, and sealed ratios.","Integrate origin-derived carrier dimensions, exact compact algebras, one local parent action, nonabelian interactions, constraints, continuum refinement, and sealed ratios.",TRUE
102,Primary,3,FOUR FORCE CARRIERS AND PARENT ACTION,_residual_nonabelian_matter_theorem,RESIDUAL NONABELIAN MATTER THEOREM,Execute the exact certificate for RESIDUAL NONABELIAN MATTER THEOREM on its generated dependency domain.,This theorem supplies the generated object required by the next causal stage.,TRUE
103,Primary,3,FOUR FORCE CARRIERS AND PARENT ACTION,_residual_multi_projection_theorem,RESIDUAL MULTI PROJECTION THEOREM,Execute the exact certificate for RESIDUAL MULTI PROJECTION THEOREM on its generated dependency domain.,This theorem supplies the generated object required by the next causal stage.,TRUE
104,Primary,3,FOUR FORCE CARRIERS AND PARENT ACTION,_u905_force_carrier_projection_theorem,FOUR FORCE CARRIER PROJECTION THEOREM,Execute the exact certificate for FOUR FORCE CARRIER PROJECTION THEOREM on its generated dependency domain.,"The eighteen-character carrier splits orthogonally into one common mode and ranks five, one, three, and eight. The force projectors are complete, idempotent, and pairwise orthogonal.",TRUE
105,Primary,3,FOUR FORCE CARRIERS AND PARENT ACTION,_u905_native_force_readout_generation_theorem,NATIVE FORCE READOUT GENERATION THEOREM,Execute the exact certificate for NATIVE FORCE READOUT GENERATION THEOREM on its generated dependency domain.,Carrier rank and temporal residual signatures generate the four dimensionless readouts. Exhaustive signature assignment leaves one rank-compatible force dictionary.,TRUE
106,Primary,3,FOUR FORCE CARRIERS AND PARENT ACTION,theorem_invariant_readout_grammar_uniqueness,INVARIANT READOUT GRAMMAR UNIQUENESS THEOREM,Exhaust the lowest-degree invariant monomial grammar and select one readout law for each force role.,"The readout grammar is restricted by role: signed endpoint, oriented reclosure, traceless closure, and global burden each select one lowest-degree invariant monomial. All four role permutations are enumerated and the generated carrier ranks leave one assignment.",TRUE
107,Primary,3,FOUR FORCE CARRIERS AND PARENT ACTION,_u905_parent_action_from_native_readouts_theorem,NATIVE PARENT ACTION THEOREM,Execute the exact certificate for NATIVE PARENT ACTION THEOREM on its generated dependency domain.,The generated readouts enter one positive parent action. Stationary elimination gives the exact positive Schur action.,TRUE
108,Primary,3,FOUR FORCE CARRIERS AND PARENT ACTION,theorem_parent_action_global_uniqueness,PARENT ACTION GLOBAL UNIQUENESS THEOREM,Classify the permutation-symmetric one-common-carrier quadratic star actions and prove a unique normalized positive action.,"Every positive rational permutation-symmetric star action with one common scalar is classified after unit contrast normalization. The required common eigenvalue leaves one coefficient pair, giving the unique positive parent action and its Schur Hessian.",TRUE
109,Primary,3,FOUR FORCE CARRIERS AND PARENT ACTION,theorem_parent_action_positive_field_analytic_uniqueness,PARENT ACTION POSITIVE FIELD ANALYTIC UNIQUENESS THEOREM,Replace bounded coefficient enumeration by an analytic proof that the normalized positive parent star action has the unique coefficient pair one and one over every positive characteristic-zero ordered field.,The parent coefficients are not selected by a bounded search. Unit contrast fixes the star coefficient to one. The normalized common eigenvalue then gives a linear identity whose only characteristic-zero solution is the common coefficient one.,TRUE
110,Primary,3,FOUR FORCE CARRIERS AND PARENT ACTION,theorem_covariant_parent_action_synthesis,SINGLE COVARIANT PARENT ACTION SYNTHESIS THEOREM,"Conjoin the finite local cochain action, global selector, Schur descent, chiral matter, metric variation, and projective continuum field into one parent-action dependency theorem.","The local seventeen-component action, common-carrier selector, Schur descent, matter action, metric variation, and projective continuum field are one dependency chain rather than separate sector assumptions.",TRUE
111,Primary,3,FOUR FORCE CARRIERS AND PARENT ACTION,theorem_four_sector_response_ratio,FOUR SECTOR RESPONSE RATIO THEOREM,Execute the exact certificate for FOUR SECTOR RESPONSE RATIO THEOREM on its generated dependency domain.,"A propagating sector response must vanish when either its native action readout or its Green residue vanishes. The unique minimum-degree response is therefore the bilinear product, whose normalized four-sector ratios are common-scale invariant.",TRUE
112,Primary,3,FOUR FORCE CARRIERS AND PARENT ACTION,theorem_force_role_dynamic_signature,FORCE ROLE DYNAMIC SIGNATURE THEOREM,"Identify four internal carrier roles by computed algebraic invariants, not by dimension labels alone.","The carrier roles are not selected by dimensions alone. Their center, compact commutator, traceless non-Abelian algebra, spin-two module and parent-action behavior make the four assignments mutually distinguishable.",TRUE
113,Primary,3,FOUR FORCE CARRIERS AND PARENT ACTION,theorem_operational_four_force_identity,OPERATIONAL FOUR FORCE IDENTITY THEOREM,"Identify the four generated sectors by their complete operational action on matter, curvature, propagation, and metric response rather than by dimensions or conventional labels alone.","The one-, three-, eight-, and five-dimensional sectors are identified by abelian signed charge, chiral compact action, traceless color action with a center-flux gap, and universal spin-two metric response. Their names are attached only after these operational signatures are distinct.",TRUE
114,Primary,3,FOUR FORCE CARRIERS AND PARENT ACTION,theorem_four_force_axis_readout_master,FOUR FORCE AXIS READOUT MASTER THEOREM,Place four dynamically distinguished carrier roles on orthogonal readout axes of one parent action.,The four sectors occupy four independent readout axes of the same uniquely selected parent action. Their exact ratio packet remains normalized and nondegenerate while gravity receives the shell-flux readout proved earlier.,TRUE
115,Primary,3,FOUR FORCE CARRIERS AND PARENT ACTION,theorem_four_force_common_compression_orbit,FOUR FORCE COMMON COMPRESSION ORBIT THEOREM,Transport all four dynamically identified force sectors through one primitive bounded-shadow semigroup with sector-specific initial odds only.,"The four internally distinguished sectors are not assigned four unrelated scale laws. One primitive bounded-shadow semigroup transports every sector, while the generated four-force ratios appear only as distinct initial odds on that common orbit.",TRUE
116,Primary,3,FOUR FORCE CARRIERS AND PARENT ACTION,theorem_operator_source_boundary_compression,OPERATOR SOURCE BOUNDARY COMPRESSION THEOREM,Lift the common source-shadow compression law to one exact spectral operator on the complete seventeen-component parent carrier.,"The four generated interaction sectors are not assigned four unrelated scale laws. Their internally generated response ratios are the four eigenvalues of one exact operator on the complete seventeen-component parent carrier. The generated sector projectors are mutually orthogonal, sum to the parent identity, and give an exact power calculus for every native depth.",TRUE
117,Primary,3,FOUR FORCE CARRIERS AND PARENT ACTION,theorem_log_free_shadow_residual_isomorphism,LOG FREE SHADOW RESIDUAL ISOMORPHISM THEOREM,"Prove the exact rational bijection between bounded shadow states and multiplicative residual states, including the source-shadow compression law without evaluating a logarithm.",The native state is the exact residual ratio (one minus shadow) divided by shadow. Projective shadow compression is therefore multiplication in residual space. Additive depth is an optional observer coordinate and is not needed by the source dynamics.,TRUE
118,Primary,3,FOUR FORCE CARRIERS AND PARENT ACTION,theorem_parent_covariant_residual_field_equation,PARENT COVARIANT RESIDUAL FIELD EQUATION THEOREM,Lift the scalar source-shadow compression identity to one exact rational covariant residual field equation on the complete seventeen-component parent carrier.,"One equation evolves the exact residual carried by the bounded source-shadow state. The compression operator changes residual magnitude, the parent transport changes local frame, and the inverse residual map returns the next bounded shadow. The scalar master map and the four common force orbits are exact reductions.",TRUE
119,Primary,3,FOUR FORCE CARRIERS AND PARENT ACTION,theorem_generated_sector_spectral_edge_cocycle,GENERATED SECTOR SPECTRAL EDGE COCYCLE THEOREM,"Derive the complete four-sector positive edge-compression operator from generated response eigenvalues and the finite temporal scale ratio, and prove identity, reversal, projector commutation, and path composition.","The parent edge operator is not an arbitrary matrix. Every sector factor is generated from its exact response eigenvalue, while the gravitational factor also carries the unique target-over-source temporal scale ratio. Orthogonal projectors make identity, reversal and path composition exact.",TRUE
120,Primary,3,FOUR FORCE CARRIERS AND PARENT ACTION,theorem_covariant_residual_update_existence_uniqueness,COVARIANT RESIDUAL UPDATE EXISTENCE UNIQUENESS THEOREM,Prove that the generated positive edge operator and invertible parent transport determine one and only one residual target and one and only one bounded shadow target.,Existence is constructive: multiply the transported source residual by the generated edge operator and invert I plus that residual. Uniqueness follows because both the transport and edge operator are invertible and the residual-shadow map is a bijection.,TRUE
121,Primary,3,FOUR FORCE CARRIERS AND PARENT ACTION,theorem_covariant_residual_bounded_domain_preservation,COVARIANT RESIDUAL BOUNDED DOMAIN PRESERVATION THEOREM,Prove positivity of the residual and strict boundedness of the shadow under every generated sector-spectral edge update on the declared block carrier.,"The source residual is positive on each canonical block. Orthogonal transport preserves its quadratic form, and the generated edge operator is a positive block scalar that commutes with the transported block. Therefore the target residual remains positive and X=(I+R)^-1 remains a strict bounded shadow.",TRUE
122,Primary,3,FOUR FORCE CARRIERS AND PARENT ACTION,theorem_sector_spectral_gauge_covariance,SECTOR SPECTRAL GAUGE COVARIANCE THEOREM,Prove full two-end gauge covariance with the generated non-scalar sector-spectral edge operator rather than only a common scalar compression.,Every local gauge frame preserves the canonical sector projectors. The generated edge operator is scalar on each projector block and therefore commutes with both endpoint frames. The complete non-scalar four-sector equation consequently transforms by target conjugation.,TRUE
123,Primary,3,FOUR FORCE CARRIERS AND PARENT ACTION,theorem_covariant_residual_exact_path_groupoid,COVARIANT RESIDUAL EXACT PATH GROUPOID THEOREM,"Prove identity edges, inverse edges, arbitrary three-edge composition and closed-loop residual holonomy for the generated sector-spectral covariant update.","Generated edge compressions form a multiplicative cocycle and generated frame transports form an ordered groupoid. Their combined residual update has exact identity, inverse and composition laws. A closed path carries no net compression but may retain a nontrivial frame holonomy, which is the finite curvature signal.",TRUE
124,Primary,3,FOUR FORCE CARRIERS AND PARENT ACTION,theorem_covariant_residual_edge_domain_completion,COVARIANT RESIDUAL EDGE DOMAIN COMPLETION THEOREM,"Conjoin generated edge spectrum, constructive update, bounded positivity, covariance, inversion, composition, and holonomy.","The central residual equation defines a complete edge dynamics: its generated spectrum composes, every admissible source has one target, positivity remains inside the bounded-shadow domain, endpoint frames transform covariantly, and reversed or concatenated paths are exact.",TRUE
125,Primary,3,FOUR FORCE CARRIERS AND PARENT ACTION,theorem_plaquette_holonomy_curvature_coefficient,PLAQUETTE HOLONOMY CURVATURE COEFFICIENT THEOREM,Extract the exact second-order commutator coefficient of a plaquette holonomy in a truncated rational polynomial ring without exponential or logarithmic functions.,"Write each link as I plus epsilon times its exact rational generator and invert it coefficient by coefficient. The constant plaquette coefficient is I, the linear coefficient cancels, and the quadratic coefficient is the generator commutator. Adding edge variation gives the exterior-difference part, so the continuum parent curvature has the form dOmega plus Omega wedge Omega.",TRUE
126,Primary,3,FOUR FORCE CARRIERS AND PARENT ACTION,theorem_parent_covariant_residual_gauge_covariance,PARENT COVARIANT RESIDUAL GAUGE COVARIANCE THEOREM,Prove exact vertex-gauge covariance of the parent covariant residual field equation under independently generated rational frame changes at both ends of an edge.,Changing the local parent frame independently at the source and target conjugates the residual states and changes the edge transport by the usual two-end rule. The compression equation transforms by target conjugation and therefore represents one frame-independent parent law.,TRUE
127,Primary,3,FOUR FORCE CARRIERS AND PARENT ACTION,theorem_parent_covariant_residual_path_composition,PARENT COVARIANT RESIDUAL PATH COMPOSITION THEOREM,"Prove the exact path-composition law, sector-preserving cocycle, and finite holonomy defect of the covariant residual field equation.",Successive residual transports compose by multiplying their compression operators and ordered frame transports. A closed path returns exactly only when its parent holonomy is the identity; otherwise the finite loop defect is the curvature precursor.,TRUE
128,Primary,3,FOUR FORCE CARRIERS AND PARENT ACTION,theorem_temporal_external_internal_curvature_split,TEMPORAL EXTERNAL INTERNAL CURVATURE SPLIT THEOREM,"Split one temporal compression operator into a universal external metric projector and three orthogonal internal gauge projectors, with no independently inserted force generator.","One temporal compression operator splits into three internal gauge projectors and one universal metric projector. A common unit shift is flat, whereas local relative compression creates curvature.",TRUE
129,Primary,3,FOUR FORCE CARRIERS AND PARENT ACTION,theorem_single_temporal_parent_variation_four_force,SINGLE TEMPORAL PARENT VARIATION FOUR FORCE THEOREM,Prove that one time-generated parent operator and one covariant parent action split under a single variation into the universal gravity equation and the three internal gauge equations.,One parent action and one time-generated compression operator yield one universal metric variation and three internal gauge variations; four unrelated force actions are not inserted.,TRUE
130,Primary,3,FOUR FORCE CARRIERS AND PARENT ACTION,theorem_response_function_continuous_bilinear_uniqueness,RESPONSE FUNCTION CONTINUOUS BILINEAR UNIQUENESS THEOREM,"Prove that separate degree-one homogeneity, zero-factor vanishing, positivity, and unit normalization force the action-residue response to be the bilinear product on positive rationals and its continuous positive-real extension.","A propagating response must disappear if either the action burden or the Green residue disappears. Separate unit homogeneity then transports the normalized value at one and one to every positive pair, forcing the product law rather than selecting it from a short list of monomials.",TRUE
131,Primary,3,FOUR FORCE CARRIERS AND PARENT ACTION,theorem_preshielded_formula_grammar,PRESHIELDED FORMULA GRAMMAR THEOREM,"Freeze the typed formula grammar, derive the response normalization uniquely, and seal new target-free parent-shadow invariants before any external comparison.","Only typed maps that preserve the parent meaning are permitted. Unrelated primitives cannot be combined, exponents must equal an actual interaction multiplicity, response must vanish when either required factor vanishes, and the only symmetric scale-free unit-sum decoder divides by the total response.",TRUE
132,Primary,3,FOUR FORCE CARRIERS AND PARENT ACTION,theorem_gauge_quotient_full_faithful_transport,GAUGE QUOTIENT FULL FAITHFUL TRANSPORT THEOREM,"Prove that every generated gauge morphism, orbit, invariant action, and physical observable transports bijectively through a complete source-shadow projection.","Gauge transformations are transported by conjugation through the complete projection rather than guessed independently in the shadow. The transport preserves products, inverses, orbits, stabilizers, constraints, invariant actions, and physical observable algebras.",TRUE
133,Primary,3,FOUR FORCE CARRIERS AND PARENT ACTION,theorem_source_action_variation_pushforward,SOURCE ACTION VARIATION PUSHFORWARD THEOREM,"Prove exact commutation of source variation, shadow pushforward, and measure reconstruction for an invertible complete projection family.",The shadow Hessian is the exact inverse-congruence image of the source Hessian. Actions agree and pulling the shadow gradient back gives the source variation for every source vector.,TRUE
134,Primary,3,FOUR FORCE CARRIERS AND PARENT ACTION,theorem_canonical_force_algebra_representation_completion,CANONICAL FORCE ALGEBRA REPRESENTATION COMPLETION THEOREM,"Prove that the anonymous ranks five, one, three and eight admit the exact gravity, U(1), SU(2), and SU(3) algebraic roles before measured couplings are used.","The canonical anonymous decomposition is not identified by dimension alone. Exact commutator closure, Jacobi identities, invariant trace form, spin-two action and anomaly cancellation supply the algebraic operational signatures.",TRUE
135,Primary,4,CHIRAL MATTER AND GENERATIONS,_mfc_minimal_chiral_matter_carrier_theorem,MINIMAL CHIRAL MATTER CARRIER THEOREM,"Derive one minimal sixteen-state chiral matter carrier from the eight double-zero microstates, two orientations, and the generated weak and color module dimensions.","Derive one minimal sixteen-state chiral matter carrier from the eight double-zero microstates, two orientations, and the generated weak and color module dimensions.",TRUE
136,Primary,4,CHIRAL MATTER AND GENERATIONS,_mfc_hypercharge_anomaly_cancellation_theorem,HYPERCHARGE AND ANOMALY CANCELLATION THEOREM,"Derive the primitive charge-ratio solution and prove exact gauge, gravitational, cubic, and global weak anomaly cancellation in the declared minimal matter carrier.","Derive the primitive charge-ratio solution and prove exact gauge, gravitational, cubic, and global weak anomaly cancellation in the declared minimal matter carrier.",TRUE
137,Primary,4,CHIRAL MATTER AND GENERATIONS,_mfc_three_generation_projector_theorem,THREE GENERATION PROJECTOR THEOREM,Derive exactly three nonvacuum closure-depth sectors from the primitive time spectrum and construct their exact spectral projectors.,Derive exactly three nonvacuum closure-depth sectors from the primitive time spectrum and construct their exact spectral projectors.,TRUE
138,Primary,4,CHIRAL MATTER AND GENERATIONS,theorem_time_spectrum_three_generation_global_uniqueness,TIME SPECTRUM THREE GENERATION GLOBAL UNIQUENESS THEOREM,Prove that the three nonvacuum temporal projectors are the unique spectral idempotents of the generated simple three-pole spectrum.,"The unique unit vacuum pole is removed from the generated four-pole temporal spectrum, leaving exactly three nonvacuum poles, equal to the generated spatial rank. The nonzero Vandermonde determinant makes every degree-below-three spectral projector polynomial unique and reconstructs the transfer operator exactly.",TRUE
139,Primary,4,CHIRAL MATTER AND GENERATIONS,theorem_native_generation_count_provenance,NATIVE GENERATION COUNT PROVENANCE THEOREM,"Prove that the generation count is the common rank of the three outer source blocks, the nonvacuum temporal spectrum, and generated space.","The three generations are not entered as a number. They are the common rank of the three outer source blocks, the three nonvacuum temporal projectors, and the generated spatial residual basis.",TRUE
140,Primary,4,CHIRAL MATTER AND GENERATIONS,theorem_target_free_standard_field_decoder,TARGET FREE STANDARD FIELD DECODER THEOREM,Generate the complete chiral role multiplicities and charge ratios before assigning conventional field names.,The sixteen-state chiral carrier is first partitioned into anonymous algebraic roles. Conventional particle names are attached only after multiplicity and the primitive anomaly-free charge ray have already been derived.,TRUE
141,Primary,4,CHIRAL MATTER AND GENERATIONS,theorem_temporal_generation_spectral_ratio,TEMPORAL GENERATION SPECTRAL RATIO THEOREM,Execute the exact certificate for TEMPORAL GENERATION SPECTRAL RATIO THEOREM on its generated dependency domain.,The three nonvacuum transfer poles are converted to generator gaps by the unique minimum-degree semigroup gap law. Their exact normalized native signature is generated without observed masses or a unit calibration.,TRUE
142,Primary,4,CHIRAL MATTER AND GENERATIONS,theorem_native_mixing_invariant,NATIVE MIXING INVARIANT THEOREM,Execute the exact certificate for NATIVE MIXING INVARIANT THEOREM on its generated dependency domain.,Ordered generation gaps determine an antisymmetric overlap generator with no fitted angle. The Cayley transform gives an exact rational determinant-one mixing matrix and a doubly normalized probability matrix.,TRUE
143,Primary,4,CHIRAL MATTER AND GENERATIONS,_mfc_mass_mixing_cp_ratio_theorem,MASS MIXING AND CP RATIO THEOREM,"Generate positive three-sector mass ledgers, exact rational unitary mixing matrices, and nonzero CP-oriented invariants without importing observed masses or angles.","Generate positive three-sector mass ledgers, exact rational unitary mixing matrices, and nonzero CP-oriented invariants without importing observed masses or angles.",TRUE
144,Primary,4,CHIRAL MATTER AND GENERATIONS,_mfc_representation_index_scale_flow_theorem,REPRESENTATION INDEX SCALE FLOW THEOREM,Derive one-loop representation-index coefficients from the generated matter carrier and prove an exact rational discrete inverse-coupling flow without logarithms.,Derive one-loop representation-index coefficients from the generated matter carrier and prove an exact rational discrete inverse-coupling flow without logarithms.,TRUE
145,Primary,4,CHIRAL MATTER AND GENERATIONS,_mfc_parent_matter_coupling_theorem,PARENT MATTER COUPLING THEOREM,"Couple the generated chiral matter ledger to the parent force carrier and prove exact charge balance, Yukawa closure, generation replication, and source assembly.","Couple the generated chiral matter ledger to the parent force carrier and prove exact charge balance, Yukawa closure, generation replication, and source assembly.",TRUE
146,Primary,4,CHIRAL MATTER AND GENERATIONS,_mfc_matter_ratio_seal_theorem,MATTER RATIO SEAL THEOREM,Execute the exact certificate for MATTER RATIO SEAL THEOREM on its generated dependency domain.,This theorem supplies the generated object required by the next causal stage.,TRUE
147,Primary,4,CHIRAL MATTER AND GENERATIONS,_x893_forward_chiral_prediction_packet_theorem,FORWARD CHIRAL PREDICTION PACKET THEOREM,Generate a sealed forward matter-and-observable ratio packet without importing measured values.,"The packet is generated entirely from the native carrier, anomaly equations, temporal projectors, and projection decoder. It is frozen before any external ratio table is supplied.",TRUE
148,Primary,4,CHIRAL MATTER AND GENERATIONS,_origin_matter_field_completion_theorem,ORIGIN MATTER FIELD COMPLETION THEOREM,"Integrate minimal chiral matter, primitive charge ratios, exact anomaly cancellation, three nonvacuum generations, mixing, scale flow, parent coupling, and sealed ratio predictions.","Integrate minimal chiral matter, primitive charge ratios, exact anomaly cancellation, three nonvacuum generations, mixing, scale flow, parent coupling, and sealed ratio predictions.",TRUE
149,Primary,4,CHIRAL MATTER AND GENERATIONS,_nsr_generation_readout_separation_theorem,GENERATION READOUT SEPARATION THEOREM,Keep outer sign as a generated readout while deriving three generations only from the three nonvacuum primitive-time projectors.,Keep outer sign as a generated readout while deriving three generations only from the three nonvacuum primitive-time projectors.,TRUE
150,Primary,4,CHIRAL MATTER AND GENERATIONS,_nsr_parent_matter_action_theorem,NESTED PARENT MATTER ACTION THEOREM,Place the forty-eight-state matter burden in the common nested mode and retain the complete seventeen-dimensional force residual action.,Place the forty-eight-state matter burden in the common nested mode and retain the complete seventeen-dimensional force residual action.,TRUE
151,Primary,4,CHIRAL MATTER AND GENERATIONS,theorem_fermion_car_spin_bridge,FERMION CAR SPIN BRIDGE THEOREM,"Construct three exact fermion modes, canonical anticommutation, parity, chirality, and the spinorial double-cover sign.","Three Jordan-Wigner modes satisfy every canonical anticommutation relation and carry exact fermion parity. The nontrivial center of the spin double cover reverses spinors while leaving vector observables unchanged, joining half-integer spin and odd fermion parity.",TRUE
152,Primary,4,CHIRAL MATTER AND GENERATIONS,theorem_native_higgs_potential_uniqueness,NATIVE HIGGS POTENTIAL UNIQUENESS THEOREM,"Classify the lowest invariant radial potential and derive one vacuum orbit, one radial mode, one gauge mode, and the neutral split.",The lowest radial invariant polynomial with one normalized closed vacuum and stationary closure is uniquely one quarter of the squared closure defect. Its Hessian has one positive radial mode and one gauge-orbit zero mode; generated Abelian and weak readouts then give one neutral and one massive direction.,TRUE
153,Primary,4,CHIRAL MATTER AND GENERATIONS,theorem_native_matter_fingerprint_generation,NATIVE MATTER FINGERPRINT GENERATION THEOREM,"Generate anonymous matter roles from native projectors, charges, closure origins, and temporal generations before observed names are introduced.","The generated chiral carrier is anonymized before any observed particle name is admitted. Color rank, weak rank, central character, closure origin, orientation support, multiplicity, Higgs incidence and neutrality form six exact distinct native role fingerprints.",TRUE
154,Primary,4,CHIRAL MATTER AND GENERATIONS,theorem_native_role_existence,NATIVE ROLE EXISTENCE THEOREM,Prove that every generated anonymous role is nonempty and that the six roles exhaust the complete sixteen-state chiral carrier in each of three temporal generations.,Prove that every generated anonymous role is nonempty and that the six roles exhaust the complete sixteen-state chiral carrier in each of three temporal generations.,TRUE
155,Primary,4,CHIRAL MATTER AND GENERATIONS,theorem_native_role_orbit_injectivity,NATIVE ROLE ORBIT INJECTIVITY THEOREM,Quotient internal seat permutations and prove that no nontrivial permutation of the six anonymous role orbits preserves the complete native fingerprint map.,"Every permutation of the six role orbits is exhausted after internal seat permutations are quotiented. Only the identity preserves all fingerprints, and the inverse fingerprint map reconstructs every role exactly.",TRUE
156,Primary,4,CHIRAL MATTER AND GENERATIONS,theorem_native_role_separation_stability,NATIVE ROLE SEPARATION STABILITY THEOREM,Compute an exact positive fingerprint separation margin and prove nearest-orbit stability under admissible rank-preserving rational perturbations.,The exact minimum distance between distinct role fingerprints and between temporal generation gaps is computed. Triangle inequality gives a positive rational neighborhood in which the inverse role and generation assignment remains single valued.,TRUE
157,Primary,4,CHIRAL MATTER AND GENERATIONS,theorem_admissible_observable_grammar_completeness,ADMISSIBLE OBSERVABLE GRAMMAR COMPLETENESS THEOREM,Prove representation theorems for every polynomial semigroup gap and every normalized separately multi-affine response functional admitted by the native observable axioms.,"Polynomial semigroup multiplicativity forces one monomial, endpoint normalization fixes its coefficient, and unit tangent fixes its degree. Separately multi-affine response laws that vanish when a required factor vanishes are uniquely the normalized product of all factors.",TRUE
158,Primary,4,CHIRAL MATTER AND GENERATIONS,theorem_native_mass_definition_equivalence,NATIVE MASS DEFINITION EQUIVALENCE THEOREM,"Derive one native mass-ratio spectrum independently as a transfer defect, a one-step correlation decrement, a generator-resolvent pole, a parent quadratic curvature, and a projected action burden.","Transfer defect, correlation decrement, generator-resolvent pole, parent curvature and projected action burden are derived independently. All five paths yield the same exact scale-free generation mass ratio rather than selecting one convenient formula after comparison.",TRUE
159,Primary,4,CHIRAL MATTER AND GENERATIONS,theorem_shadow_mass_compression_rate_equivalence,SHADOW MASS COMPRESSION RATE EQUIVALENCE THEOREM,Transport the independently derived native mass ratio into equivalent discrete compression-depth and continuous generator-rate representations.,"The already independent transfer, correlation, resolvent, curvature, and action definitions give the same 4:6:7 mass signature. The same signature is now proved to be both an additive compression depth ratio and a common continuum-generator rate ratio.",TRUE
160,Primary,4,CHIRAL MATTER AND GENERATIONS,theorem_anonymous_matter_spectrum_mixing_completion,ANONYMOUS MATTER SPECTRUM MIXING COMPLETION THEOREM,"Generate anonymous chiral roles, three causal generations, sector mass ledgers, unitary mixing, and nonzero orientation invariants before any observed particle name or measured value is supplied.","Matter roles are first distinguished by anonymous gauge and occupancy fingerprints. Temporal pole order then fixes the three generation order uniquely. Positive mass ledgers, unitary mixing matrices, and nonzero orientation invariants are generated before any experimental particle name is attached.",TRUE
161,Primary,4,CHIRAL MATTER AND GENERATIONS,theorem_parent_action_chiral_vertex_completion,PARENT ACTION CHIRAL VERTEX COMPLETION THEOREM,"Derive every chiral gauge and Yukawa vertex from the generated parent action, anonymous role fingerprints, exact charges and three temporal generation projectors.","The sixteen-state chiral carrier is placed in one-to-one correspondence with six anonymous role orbits. Their color, weak, central-charge and universal metric indices determine every parent gauge incidence, while the exact charge ray determines four closed Yukawa vertex types in each of the three temporal generations.",TRUE
162,Primary,4,CHIRAL MATTER AND GENERATIONS,theorem_parent_vertex_decay_amplitude_completion,PARENT VERTEX DECAY AMPLITUDE COMPLETION THEOREM,Derive direct and intermediate generation-changing channel weights from parent vertices and the exact rational unitary quark-like and lepton-like mixing operators.,"The parent gauge and Yukawa vertices select the chiral role orbit. The exact unitary generation rotations supply one-step transition probabilities. Strict generation descent makes the transition operator nilpotent, so the complete direct-plus-intermediate path sum is the finite inverse of one minus the weighted transition operator.",TRUE
163,Primary,4,CHIRAL MATTER AND GENERATIONS,theorem_parent_decay_branching_ratio_completion,PARENT DECAY BRANCHING RATIO COMPLETION THEOREM,"Derive normalized two-body generation-branch ratios and total-width ratios directly from the parent-vertex path weights, native mass gaps and role multiplicities.","Every branch numerator is the unique separately homogeneous product of a complete parent-vertex path weight, the native generation-gap phase-space ratio and the generated role multiplicity. Dividing by the complete width at fixed initial state gives a unique normalized branching packet.",TRUE
164,Primary,4,CHIRAL MATTER AND GENERATIONS,theorem_parent_decay_rg_scattering_completion,PARENT DECAY RG SCATTERING COMPLETION THEOREM,"Transport parent-derived branch and scattering ratios through every generated threshold scale while preserving normalization, channel support and the projective common-compression invariant.",The four parent-sector coordinates run with the generated thresholds. At each scale they rescale the complete width of every role while leaving the fixed-initial normalized branching packet unchanged. The same scale set carries the exact unitary differential scattering ratios and the projective common-compression invariant.,TRUE
165,Primary,4,CHIRAL MATTER AND GENERATIONS,theorem_matter_channel_dynamics_completion,MATTER CHANNEL DYNAMICS COMPLETION THEOREM,"Close one dependency chain from the eighteen-state origin through chiral matter, parent vertices, decay amplitudes, branching ratios, differential scattering and scale transport.","The primitive relational grammar generates time, three temporal generations and a minimal chiral carrier. The single parent action then supplies the role vertices, unitary mixing supplies descending amplitudes, native gaps supply phase-space ratios, and the threshold flow transports the resulting branching and scattering packets.",TRUE
166,Primary,4,CHIRAL MATTER AND GENERATIONS,theorem_matter_anomaly_generation_ratio_completion,MATTER ANOMALY GENERATION RATIO COMPLETION THEOREM,"Close chiral carrier, charge ratios, anomaly cancellation, three temporal generations, mixing, decay, branching, scattering and ratio flow.","The matter branch is generated after the parent carrier: chiral roles, exact charge ratios, anomaly cancellation, three temporal generations, mixing, complete finite paths, normalized branching and common ratio flow form one dependency chain.",TRUE
167,Primary,4,CHIRAL MATTER AND GENERATIONS,theorem_native_decay_selection_channel_completeness,NATIVE DECAY SELECTION AND CHANNEL COMPLETENESS THEOREM,"Classify every ordered role-generation transition, impose native conservation rules, and sum all direct and intermediate descending paths by an exact nilpotent path expansion.","Every ordered role-generation pair is classified by fingerprint conservation and strict temporal descent. Nilpotence closes the direct and intermediate path expansion exactly, so no admitted native path is omitted.",TRUE
168,Primary,4,CHIRAL MATTER AND GENERATIONS,theorem_native_branching_functional_uniqueness,NATIVE BRANCHING FUNCTIONAL UNIQUENESS THEOREM,"Use the unique normalized multi-affine product rule to derive every native generation-branch numerator, normalized branching packet, and scale-free total-width ratio.","Each branch numerator is the unique normalized multi-affine product of path weight, role multiplicity, native phase space and symmetry factor. Every unstable state has a complete branching packet summing to one, while the lightest state in each role has zero declared width.",TRUE
169,Primary,4,CHIRAL MATTER AND GENERATIONS,_nsr_ratio_seal_theorem,NESTED RESIDUAL RATIO SEAL THEOREM,Execute the exact certificate for NESTED RESIDUAL RATIO SEAL THEOREM on its generated dependency domain.,This theorem supplies the generated object required by the next causal stage.,TRUE
170,Narrative,4,CHIRAL MATTER AND GENERATIONS,prove_mass_ionization_separation,MASS IONIZATION SEPARATION,Execute the exact certificate for MASS IONIZATION SEPARATION on its generated dependency domain.,This theorem supplies the generated object required by the next causal stage.,TRUE
171,Narrative,4,CHIRAL MATTER AND GENERATIONS,prove_gravity_inertia_projection,GRAVITY INERTIA PROJECTION,Execute the exact certificate for GRAVITY INERTIA PROJECTION on its generated dependency domain.,This theorem supplies the generated object required by the next causal stage.,TRUE
172,Narrative,4,CHIRAL MATTER AND GENERATIONS,prove_strong_weak_projection,STRONG WEAK PROJECTION,Execute the exact certificate for STRONG WEAK PROJECTION on its generated dependency domain.,This theorem supplies the generated object required by the next causal stage.,TRUE
173,Narrative,4,CHIRAL MATTER AND GENERATIONS,prove_four_force_master_ratio_map,FOUR FORCE MASTER RATIO MAP,Execute the exact certificate for FOUR FORCE MASTER RATIO MAP on its generated dependency domain.,This theorem supplies the generated object required by the next causal stage.,TRUE
174,Narrative,4,CHIRAL MATTER AND GENERATIONS,prove_all_force_dependency_closure,ALL FORCE DEPENDENCY CLOSURE,Execute the exact certificate for ALL FORCE DEPENDENCY CLOSURE on its generated dependency domain.,This theorem supplies the generated object required by the next causal stage.,TRUE
175,Narrative,4,CHIRAL MATTER AND GENERATIONS,prove_force_dictionary_family_selector,FORCE DICTIONARY GAUGE NORMALIZATION AND FAMILY SELECTOR,Execute the exact certificate for FORCE DICTIONARY GAUGE NORMALIZATION AND FAMILY SELECTOR on its generated dependency domain.,This theorem supplies the generated object required by the next causal stage.,TRUE
176,Narrative,4,CHIRAL MATTER AND GENERATIONS,prove_multi_electron_nonabelian_gravity_measure,MULTI ELECTRON MATTER AND NONABELIAN GRAVITY MEASURE,Execute the exact certificate for MULTI ELECTRON MATTER AND NONABELIAN GRAVITY MEASURE on its generated dependency domain.,This theorem supplies the generated object required by the next causal stage.,TRUE
177,Narrative,4,CHIRAL MATTER AND GENERATIONS,prove_unified_shadow_latent_projection,UNIFIED SHADOW AND NATIVE LATENT OBJECT PROJECTION,Execute the exact certificate for UNIFIED SHADOW AND NATIVE LATENT OBJECT PROJECTION on its generated dependency domain.,This theorem supplies the generated object required by the next causal stage.,TRUE
178,Narrative,4,CHIRAL MATTER AND GENERATIONS,prove_atomic_spectral_mixing_joint_continuum,ATOMIC SPECTRAL MATTER MIXING AND JOINT CONTINUUM,Execute the exact certificate for ATOMIC SPECTRAL MATTER MIXING AND JOINT CONTINUUM on its generated dependency domain.,This theorem supplies the generated object required by the next causal stage.,TRUE
179,Narrative,4,CHIRAL MATTER AND GENERATIONS,prove_projection_lie_higgs_coframe_continuum,PROJECTION RECONSTRUCTION LIE GAUGE HIGGS COFRAME AND CONTINUUM,Execute the exact certificate for PROJECTION RECONSTRUCTION LIE GAUGE HIGGS COFRAME AND CONTINUUM on its generated dependency domain.,This theorem supplies the generated object required by the next causal stage.,TRUE
180,Narrative,4,CHIRAL MATTER AND GENERATIONS,prove_local_bundle_confinement_affine_lorentz_action,LOCAL GAUGE BUNDLE CONFINEMENT AFFINE COVARIANCE AND LORENTZ ACTION,Execute the exact certificate for LOCAL GAUGE BUNDLE CONFINEMENT AFFINE COVARIANCE AND LORENTZ ACTION on its generated dependency domain.,This theorem supplies the generated object required by the next causal stage.,TRUE
181,Narrative,4,CHIRAL MATTER AND GENERATIONS,prove_charge_nullspace_palation_selection,CHARGE NULLSPACE OPERATOR ALPHABET AND PALATINI SELECTION,Execute the exact certificate for CHARGE NULLSPACE OPERATOR ALPHABET AND PALATINI SELECTION on its generated dependency domain.,This theorem supplies the generated object required by the next causal stage.,TRUE
182,Narrative,4,CHIRAL MATTER AND GENERATIONS,prove_de_rham_maxwell_galerkin_refinement,DE RHAM MAXWELL PULLBACK NATURALITY AND GALERKIN REFINEMENT,Execute the exact certificate for DE RHAM MAXWELL PULLBACK NATURALITY AND GALERKIN REFINEMENT on its generated dependency domain.,This theorem supplies the generated object required by the next causal stage.,TRUE
183,Narrative,4,CHIRAL MATTER AND GENERATIONS,prove_chiral_generator_wilson_projective_dynamics,CHIRAL GAUGE GENERATOR WILSON SELECTOR AND PROJECTIVE DYNAMICS,Execute the exact certificate for CHIRAL GAUGE GENERATOR WILSON SELECTOR AND PROJECTIVE DYNAMICS on its generated dependency domain.,This theorem supplies the generated object required by the next causal stage.,TRUE
184,Narrative,4,CHIRAL MATTER AND GENERATIONS,prove_global_strong_field_variational_refinement,GLOBAL STRONG FIELD CURVATURE AND VARIATIONAL REFINEMENT,Execute the exact certificate for GLOBAL STRONG FIELD CURVATURE AND VARIATIONAL REFINEMENT on its generated dependency domain.,This theorem supplies the generated object required by the next causal stage.,TRUE
185,Narrative,4,CHIRAL MATTER AND GENERATIONS,prove_continuum_chiral_action_einstein_hierarchy,CONTINUUM CHIRAL PACKET NATIVE ACTION AND EINSTEIN HIERARCHY,Execute the exact certificate for CONTINUUM CHIRAL PACKET NATIVE ACTION AND EINSTEIN HIERARCHY on its generated dependency domain.,This theorem supplies the generated object required by the next causal stage.,TRUE
186,Primary,5,ELECTROMAGNETIC AND QUANTUM CONSEQUENCES,_u883_maxwell_from_open_balanced_zero_theorem,OPEN BALANCED ZERO MAXWELL MODE THEOREM,Derive exact vacuum Maxwell identities from the open balanced two-polarization carrier.,Derive exact vacuum Maxwell identities from the open balanced two-polarization carrier.,TRUE
187,Primary,5,ELECTROMAGNETIC AND QUANTUM CONSEQUENCES,_u883_polarization_helicity_theorem,TRANSVERSE POLARIZATION HELICITY THEOREM,Derive two exact transverse helicity sectors without trigonometric input.,Derive two exact transverse helicity sectors without trigonometric input.,TRUE
188,Primary,5,ELECTROMAGNETIC AND QUANTUM CONSEQUENCES,_u883_born_quadratic_probability_theorem,RATIONAL ORTHOGONAL BORN WEIGHT THEOREM,Derive normalized branch probabilities from additive conserved quadratic burden on rational orthogonal refinements.,Derive normalized branch probabilities from additive conserved quadratic burden on rational orthogonal refinements.,TRUE
189,Primary,5,ELECTROMAGNETIC AND QUANTUM CONSEQUENCES,_e897_wave_particle_projection_duality_theorem,WAVE PARTICLE PROJECTION DUALITY THEOREM,Construct one exact rational norm-preserving carrier with distributed wave and localized detector projections.,One norm-preserving native carrier has a distributed two-channel amplitude readout and two rank-one detector readouts. Wave-like distribution and particle-like localization are therefore compatible projection resolutions rather than a forced duplication of native objects.,TRUE
190,Primary,5,ELECTROMAGNETIC AND QUANTUM CONSEQUENCES,_e898_bell_no_signalling_projection_theorem,BELL NO SIGNALLING PROJECTION THEOREM,Construct exact Q(sqrt(2)) Bell correlations with normalized positive probabilities and no-signalling marginals.,A many-to-one native projection can support nonclassical Bell correlations while every local marginal remains exactly one half and independent of the remote setting. Hidden native fibers therefore do not create controllable superluminal signalling in the declared dual-channel quantum readout.,TRUE
191,Primary,5,ELECTROMAGNETIC AND QUANTUM CONSEQUENCES,_u883_double_slit_ratio_prediction_theorem,DOUBLE PATH INTERFERENCE RATIO THEOREM,Generate exact two-path interference ratios and complementarity from internally generated rational phases.,Generate exact two-path interference ratios and complementarity from internally generated rational phases.,TRUE
192,Primary,5,ELECTROMAGNETIC AND QUANTUM CONSEQUENCES,_u883_finite_abelian_ward_dyson_theorem,FINITE ABELIAN WARD DYSON THEOREM,Prove all-order Ward invariance and exact Dyson resummation in the declared finite transverse abelian class.,Prove all-order Ward invariance and exact Dyson resummation in the declared finite transverse abelian class.,TRUE
193,Primary,5,ELECTROMAGNETIC AND QUANTUM CONSEQUENCES,_u883_photon_candidate_correspondence_theorem,INTERNAL PHOTON CANDIDATE CORRESPONDENCE THEOREM,Select the unique internal open and closed balanced carrier states satisfying neutral two-mode propagation and localized detection conditions.,Select the unique internal open and closed balanced carrier states satisfying neutral two-mode propagation and localized detection conditions.,TRUE
194,Primary,5,ELECTROMAGNETIC AND QUANTUM CONSEQUENCES,_u883_external_photon_validation_packet_theorem,PHOTON CANDIDATE EXTERNAL VALIDATION PACKET THEOREM,Seal all internally generated photon-candidate ratios and require independent signed evidence for external completion.,Seal all internally generated photon-candidate ratios and require independent signed evidence for external completion.,TRUE
195,Primary,5,ELECTROMAGNETIC AND QUANTUM CONSEQUENCES,_u883_photon_maxwell_born_qed_completion_theorem,PHOTON MAXWELL BORN QED COMPLETION THEOREM,"Integrate the complete internal photon-candidate chain from time and double zero to Maxwell, Born, interference, helicity, and finite abelian scattering.","Integrate the complete internal photon-candidate chain from time and double zero to Maxwell, Born, interference, helicity, and finite abelian scattering.",TRUE
196,Primary,5,ELECTROMAGNETIC AND QUANTUM CONSEQUENCES,_u884_rational_local_phase_connection_theorem,RATIONAL LOCAL PHASE CONNECTION THEOREM,Execute the exact certificate for RATIONAL LOCAL PHASE CONNECTION THEOREM on its generated dependency domain.,This theorem supplies the generated object required by the next causal stage.,TRUE
197,Primary,5,ELECTROMAGNETIC AND QUANTUM CONSEQUENCES,_u884_cubical_maxwell_variation_theorem,CUBICAL MAXWELL VARIATION THEOREM,Execute the exact certificate for CUBICAL MAXWELL VARIATION THEOREM on its generated dependency domain.,This theorem supplies the generated object required by the next causal stage.,TRUE
198,Primary,5,ELECTROMAGNETIC AND QUANTUM CONSEQUENCES,_u884_massless_spin_one_formal_theorem,MASSLESS SPIN ONE FORMAL IDENTITY THEOREM,Execute the exact certificate for MASSLESS SPIN ONE FORMAL IDENTITY THEOREM on its generated dependency domain.,This theorem supplies the generated object required by the next causal stage.,TRUE
199,Primary,5,ELECTROMAGNETIC AND QUANTUM CONSEQUENCES,_u884_rational_born_uniqueness_theorem,RATIONAL BORN UNIQUENESS THEOREM,Execute the exact certificate for RATIONAL BORN UNIQUENESS THEOREM on its generated dependency domain.,This theorem supplies the generated object required by the next causal stage.,TRUE
200,Primary,5,ELECTROMAGNETIC AND QUANTUM CONSEQUENCES,_u884_general_two_path_phase_theorem,GENERAL RATIONAL TWO PATH PHASE THEOREM,Execute the exact certificate for GENERAL RATIONAL TWO PATH PHASE THEOREM on its generated dependency domain.,This theorem supplies the generated object required by the next causal stage.,TRUE
201,Primary,5,ELECTROMAGNETIC AND QUANTUM CONSEQUENCES,_u884_two_helicity_bosonic_fock_theorem,TWO HELICITY BOSONIC FOCK THEOREM,Execute the exact certificate for TWO HELICITY BOSONIC FOCK THEOREM on its generated dependency domain.,This theorem supplies the generated object required by the next causal stage.,TRUE
202,Primary,5,ELECTROMAGNETIC AND QUANTUM CONSEQUENCES,_u884_all_polynomial_order_ward_theorem,ALL POLYNOMIAL ORDER WARD THEOREM,Execute the exact certificate for ALL POLYNOMIAL ORDER WARD THEOREM on its generated dependency domain.,This theorem supplies the generated object required by the next causal stage.,TRUE
203,Primary,5,ELECTROMAGNETIC AND QUANTUM CONSEQUENCES,_u884_affine_maxwell_continuum_refinement_theorem,AFFINE MAXWELL CONTINUUM REFINEMENT THEOREM,Execute the exact certificate for AFFINE MAXWELL CONTINUUM REFINEMENT THEOREM on its generated dependency domain.,This theorem supplies the generated object required by the next causal stage.,TRUE
204,Primary,5,ELECTROMAGNETIC AND QUANTUM CONSEQUENCES,_u884_photon_qed_continuum_completion_theorem,PHOTON QED CONTINUUM COMPLETION THEOREM,Execute the exact certificate for PHOTON QED CONTINUUM COMPLETION THEOREM on its generated dependency domain.,This theorem supplies the generated object required by the next causal stage.,TRUE
205,Primary,5,ELECTROMAGNETIC AND QUANTUM CONSEQUENCES,_u885_polynomial_maxwell_complex_theorem,RATIONAL POLYNOMIAL MAXWELL COMPLEX THEOREM,Execute the exact certificate for RATIONAL POLYNOMIAL MAXWELL COMPLEX THEOREM on its generated dependency domain.,This theorem supplies the generated object required by the next causal stage.,TRUE
206,Primary,5,ELECTROMAGNETIC AND QUANTUM CONSEQUENCES,_u885_polynomial_continuum_partition_theorem,POLYNOMIAL CONTINUUM PARTITION THEOREM,Execute the exact certificate for POLYNOMIAL CONTINUUM PARTITION THEOREM on its generated dependency domain.,This theorem supplies the generated object required by the next causal stage.,TRUE
207,Primary,5,ELECTROMAGNETIC AND QUANTUM CONSEQUENCES,_u885_algebraic_fock_direct_limit_theorem,ALGEBRAIC TWO HELICITY FOCK DIRECT LIMIT THEOREM,Execute the exact certificate for ALGEBRAIC TWO HELICITY FOCK DIRECT LIMIT THEOREM on its generated dependency domain.,This theorem supplies the generated object required by the next causal stage.,TRUE
208,Primary,5,ELECTROMAGNETIC AND QUANTUM CONSEQUENCES,_u885_rational_forest_renormalization_theorem,RATIONAL FOREST RENORMALIZATION THEOREM,Execute the exact certificate for RATIONAL FOREST RENORMALIZATION THEOREM on its generated dependency domain.,This theorem supplies the generated object required by the next causal stage.,TRUE
209,Primary,5,ELECTROMAGNETIC AND QUANTUM CONSEQUENCES,_u885_formal_all_order_ward_renormalized_theorem,FORMAL ALL ORDER WARD RENORMALIZATION THEOREM,Execute the exact certificate for FORMAL ALL ORDER WARD RENORMALIZATION THEOREM on its generated dependency domain.,This theorem supplies the generated object required by the next causal stage.,TRUE
210,Primary,5,ELECTROMAGNETIC AND QUANTUM CONSEQUENCES,_u885_rational_unitary_scattering_theorem,RATIONAL UNITARY SCATTERING THEOREM,Execute the exact certificate for RATIONAL UNITARY SCATTERING THEOREM on its generated dependency domain.,This theorem supplies the generated object required by the next causal stage.,TRUE
211,Primary,5,ELECTROMAGNETIC AND QUANTUM CONSEQUENCES,_u885_external_ratio_replication_boundary_theorem,EXTERNAL RATIO REPLICATION BOUNDARY THEOREM,Execute the exact certificate for EXTERNAL RATIO REPLICATION BOUNDARY THEOREM on its generated dependency domain.,This theorem supplies the generated object required by the next causal stage.,TRUE
212,Primary,5,ELECTROMAGNETIC AND QUANTUM CONSEQUENCES,_u885_continuum_qed_boundary_completion_theorem,CONTINUUM QED BOUNDARY COMPLETION THEOREM,Execute the exact certificate for CONTINUUM QED BOUNDARY COMPLETION THEOREM on its generated dependency domain.,This theorem supplies the generated object required by the next causal stage.,TRUE
213,Primary,5,ELECTROMAGNETIC AND QUANTUM CONSEQUENCES,_u905_native_bell_projector_theorem,NATIVE BELL PROJECTOR THEOREM,Execute the exact certificate for NATIVE BELL PROJECTOR THEOREM on its generated dependency domain.,The Bell joint law is calculated from the singlet density matrix and local projectors. The exact correlations give CHSH fourteen-fifths and local marginals one-half.,TRUE
214,Primary,6,NATIVE PROJECTION AND EFFECTIVE DYNAMICS,_nsp_native_projection_readout_generation_theorem,NATIVE PROJECTION READOUT GENERATION THEOREM,"Prove the general native-state, projection-state, and readout hierarchy without fixing any native shape.",The cone is one example only. The theorem concerns arbitrary native states and independently specified projection states.,TRUE
215,Primary,6,NATIVE PROJECTION AND EFFECTIVE DYNAMICS,_nsp_native_projection_dynamics_product_rule_theorem,NATIVE PROJECTION DYNAMICS PRODUCT RULE THEOREM,"Decompose one readout change into native motion, projection motion, and their discrete interaction term.","A change of readout does not by itself identify whether the carrier moved, the projection changed, or both changed together.",TRUE
216,Primary,6,NATIVE PROJECTION AND EFFECTIVE DYNAMICS,_e897_projection_synchronization_light_role_theorem,PROJECTION SYNCHRONIZATION AND LIGHT ROLE THEOREM,"Classify native-motion, projection-motion, coupled, and time-space-decoder light hypotheses under exact product-rule synchronization.","A physical light hypothesis must distinguish native-object motion, projection-channel motion, their product-rule interaction, and the universal time-to-space conversion ratio. The declared electromagnetic mode can saturate the generated causal boundary, but empirical light is not identified before an external decoder.",TRUE
217,Primary,6,NATIVE PROJECTION AND EFFECTIVE DYNAMICS,_u876_four_force_projection_frame_theorem,FOUR FORCE PROJECTION FRAME THEOREM,Prove that four native force readouts form a complete orthogonal projection frame while every proper subset loses latent information.,Prove that four native force readouts form a complete orthogonal projection frame while every proper subset loses latent information.,TRUE
218,Primary,6,NATIVE PROJECTION AND EFFECTIVE DYNAMICS,_nsp_native_projection_four_force_bridge_theorem,NATIVE PROJECTION FOUR FORCE BRIDGE THEOREM,Connect one native parent dynamics to four readout channels without identifying any readout with the complete native carrier.,"The four force equations are treated as complementary effective projections of one parent dynamics, not as four independent native objects and not as direct native-value identities.",TRUE
219,Primary,6,NATIVE PROJECTION AND EFFECTIVE DYNAMICS,_layer_role_transmutation_theorem,LAYER ROLE TRANSMUTATION THEOREM,Prove that one closed lower-layer dynamics can be read as flow internally and as a persistent object or source after coarse graining.,"The theorem does not assert that force must become matter. It proves a conditional layer effect: a resolved observer sees internal motion, whereas a coarse observer can identify the same closed periodic carrier as one persistent object, source, or distributed field readout.",TRUE
220,Primary,6,NATIVE PROJECTION AND EFFECTIVE DYNAMICS,_multiscale_force_mode_theorem,MULTISCALE FORCE MODE THEOREM,Diagonalize one layer-renormalization operator on the generated eighteen-character force decomposition.,"The same ternary transition eigenmodes that generate local readouts define a tensor-product scale operator on all eighteen characters. Each generated force sector receives an exact spectrum, while layer-role interpretation remains a separate projection question.",TRUE
221,Primary,6,NATIVE PROJECTION AND EFFECTIVE DYNAMICS,_e898_effective_scale_limit_theorem,EFFECTIVE SCALE LIMIT THEOREM,Prove exact finite-depth contraction of nonpersistent residual modes and stability of the effective quotient laws.,"The large-scale world is not obtained by discarding the native theory arbitrarily. Repeated coarse graining preserves the common carrier and the two-step electromagnetic causal mode while every gravity, strong, and weak microscopic scale eigenmode contracts in magnitude inside the declared scale operator.",TRUE
222,Primary,6,NATIVE PROJECTION AND EFFECTIVE DYNAMICS,_e895_native_effective_pushforward_theorem,NATIVE EFFECTIVE PUSHFORWARD THEOREM,Prove that every generated sector evolution is the exact pushforward of one native eighteen-character scale dynamics through its sector projection.,"The effective equation is not inserted from the observed layer. One native update acts on the complete eighteen-character carrier, and each effective sector law is obtained by projecting that update. Exact intertwining proves that the projected law and the native-first calculation give the same result.",TRUE
223,Primary,6,NATIVE PROJECTION AND EFFECTIVE DYNAMICS,_e896_effective_quotient_dynamics_theorem,EFFECTIVE QUOTIENT DYNAMICS THEOREM,Prove that every generated effective sector is a quotient dynamics on native equivalence classes and that exact effective prediction does not imply unique native reconstruction.,An effective law can be exact because native evolution descends to equivalence classes modulo the projection kernel. Distinct native states in the same class produce the same complete effective trajectory whenever the native update preserves that kernel. Accuracy of the effective equation therefore does not by itself identify a unique native origin.,TRUE
224,Primary,6,NATIVE PROJECTION AND EFFECTIVE DYNAMICS,_e896_universal_role_predicate_theorem,UNIVERSAL ROLE PREDICATE THEOREM,"Exhaust the declared closure-resolution predicates and classify when one carrier is read as force, energy, matter, particle, field, or gravity-like source without imposing a mandatory role ladder.","Force, energy, matter, particle, field, and gravity-like source are separated by explicit closure and observation predicates. They are not hard-coded as an irreversible sequence. One carrier may satisfy several roles at one resolution and a different subset after coarse graining.",TRUE
225,Primary,6,NATIVE PROJECTION AND EFFECTIVE DYNAMICS,_dynamical_fiber_closure_theorem,DYNAMICAL FIBER CLOSURE THEOREM,Prove the exact necessary-and-sufficient finite linear fiber-closure rule and apply it to all generated force sectors.,"A projected equation is an exact autonomous law if and only if native evolution preserves every fiber of its projection. Equivalently the projection kernel is invariant and an effective operator intertwines the native update. When this fails, no equation using only the current projected state can reproduce every native trajectory.",TRUE
226,Primary,6,NATIVE PROJECTION AND EFFECTIVE DYNAMICS,_nonlinear_polynomial_fiber_closure_theorem,NONLINEAR POLYNOMIAL FIBER CLOSURE THEOREM,Prove exact nonlinear polynomial factorization through a many-to-one projection and exhibit a nonclosed readout.,The common closure rule survives nonlinear native motion. The sum and hidden-coordinate readouts factor exactly through one two-coordinate effective polynomial map even though the unresolved difference coordinate receives a quadratic hidden contribution and is not autonomous.,TRUE
227,Primary,6,NATIVE PROJECTION AND EFFECTIVE DYNAMICS,_continuous_time_intertwining_semigroup_theorem,CONTINUOUS TIME INTERTWINING SEMIGROUP THEOREM,Construct an exact rational continuous-time semigroup whose native and effective flows intertwine at every rational time.,"A continuous effective law is generated rather than guessed. Because the native generator is nilpotent, its exact flow is a finite quadratic polynomial in time. Generator intertwining then proves projection-after-flow equals effective-flow-after-projection and the semigroup composition law holds exactly.",TRUE
228,Primary,6,NATIVE PROJECTION AND EFFECTIVE DYNAMICS,_finite_memory_kernel_elimination_theorem,FINITE MEMORY KERNEL ELIMINATION THEOREM,Eliminate hidden native coordinates exactly and recover the projected trajectory through finite memory kernels.,"When the visible variables are not closed, the correct effective equation is not guessed. The hidden native coordinates are eliminated exactly. The projected update becomes an instantaneous visible term plus memory kernels acting on past visible states plus a hidden-force term determined by the initial unresolved state.",TRUE
229,Primary,6,NATIVE PROJECTION AND EFFECTIVE DYNAMICS,_minimal_observable_completion_theorem,MINIMAL OBSERVABLE COMPLETION THEOREM,Construct the minimal generator-invariant observable completion and prove minimality by exact rank growth.,The effective variables are not selected by resemblance to a standard equation. Their row space is enlarged only when native evolution creates a new independent observable. The first invariant span is the unique minimal linear completion of the proposed readout algebra.,TRUE
230,Primary,6,NATIVE PROJECTION AND EFFECTIVE DYNAMICS,_nonlinear_observable_algebra_completion_theorem,NONLINEAR OBSERVABLE ALGEBRA COMPLETION THEOREM,Generate the minimal finite polynomial observable algebra closed under native pullback.,"The correct nonlinear effective variables are not selected by resemblance to textbook equations. Starting from constant, sum, hidden coordinate, and difference readouts, repeated native pullback forces a seven-dimensional degree-two observable algebra and no proper generated prefix containing the declared initial observables is invariant.",TRUE
231,Primary,6,NATIVE PROJECTION AND EFFECTIVE DYNAMICS,_js_sh_forward_reverse_dynamical_theorem,JS SH FORWARD REVERSE DYNAMICAL THEOREM,"Join JS-shell closure, multi-projection reconstruction, forward evolution, and exact reverse source recovery.","The JS-SH forward equation and reverse equation are not two unrelated formulas. One native source evolves, several individually noninjective shell readouts are produced, their compatible family reconstructs the source, and the inverse native update recovers the complete earlier trajectory.",TRUE
232,Primary,6,NATIVE PROJECTION AND EFFECTIVE DYNAMICS,_js_sh_adjoint_recurrence_theorem,JS SH ADJOINT RECURRENCE THEOREM,"Derive a norm-preserving JS-SH forward recurrence, its exact adjoint reverse rule, and complete two-readout reconstruction.","The forward shell wave, its reverse equation, and measurement reconstruction are one object. The exact rational orthogonal update preserves norm, every component satisfies the same determinant-one second-order recurrence, the transpose reconstructs the full past, and two rank-one shell readouts jointly recover each state.",TRUE
233,Primary,6,NATIVE PROJECTION AND EFFECTIVE DYNAMICS,_force_sector_observable_algebra_theorem,FOUR FORCE OBSERVABLE ALGEBRA THEOREM,Classify the generated force projections as exact closed algebras and show how incomplete mixed readouts acquire memory.,"Gravity, electromagnetic, weak, and strong laws are four exact observable algebras of one seventeen-direction residual parent. Their autonomous equations arise because their projection kernels are preserved. An arbitrary mixed partial readout need not be autonomous and is then governed by the exact memory law until its observable algebra is completed.",TRUE
234,Primary,6,NATIVE PROJECTION AND EFFECTIVE DYNAMICS,_four_force_nonlinear_parent_interaction_theorem,FOUR FORCE NONLINEAR PARENT INTERACTION THEOREM,Construct one nonlinear parent polynomial map with exact completed force-sector observable algebras.,"The four effective forces need not be four unrelated native laws. One common-carrier polynomial update leaves electromagnetic and strong source readouts autonomous, while gravity-like and weak-like responses become exact autonomous algebras only after their common and source variables are retained.",TRUE
235,Primary,6,NATIVE PROJECTION AND EFFECTIVE DYNAMICS,_nsp_forward_effective_ratio_decoder_theorem,FORWARD EFFECTIVE RATIO DECODER THEOREM,"Prove that comparison with effective physics is forward, projection-mediated, and ratio-only before any external scale is supplied.",Native variables are never matched directly to standard measured values. A native state and a projection state first generate a readout; only a sealed dimensionless readout ratio reaches the comparison boundary.,TRUE
236,Primary,6,NATIVE PROJECTION AND EFFECTIVE DYNAMICS,_u876_fundamental_observer_dynamics_separation_theorem,FUNDAMENTAL OBSERVER DYNAMICS SEPARATION THEOREM,Separate intrinsic carrier motion from observer-frame motion and prove that the observable transfer is their relative dynamics rather than either motion alone.,Separate intrinsic carrier motion from observer-frame motion and prove that the observable transfer is their relative dynamics rather than either motion alone.,TRUE
237,Primary,6,NATIVE PROJECTION AND EFFECTIVE DYNAMICS,_u876_latent_mass_inertia_reconstruction_theorem,LATENT MASS INERTIA RECONSTRUCTION THEOREM,"Prove that latent quadratic mass and inertia are preserved by intrinsic motion, cannot be inferred from an isolated projection, and are reconstructed by the complete force frame with observer calibration.","Prove that latent quadratic mass and inertia are preserved by intrinsic motion, cannot be inferred from an isolated projection, and are reconstructed by the complete force frame with observer calibration.",TRUE
238,Primary,6,NATIVE PROJECTION AND EFFECTIVE DYNAMICS,_u876_full_frame_operator_equivalence_theorem,FULL FRAME OPERATOR EQUIVALENCE THEOREM,"Transport latent dynamics, action, unitarity, and a positive spectral gap through the complete four-force frame without inserting an observable equation independently.","Transport latent dynamics, action, unitarity, and a positive spectral gap through the complete four-force frame without inserting an observable equation independently.",TRUE
239,Primary,6,NATIVE PROJECTION AND EFFECTIVE DYNAMICS,_u876_fundamental_dynamics_tomography_theorem,FUNDAMENTAL DYNAMICS TOMOGRAPHY THEOREM,Reconstruct the complete latent relative operator and the calibrated intrinsic operator from four independent projected basis evolutions.,Reconstruct the complete latent relative operator and the calibrated intrinsic operator from four independent projected basis evolutions.,TRUE
240,Primary,6,NATIVE PROJECTION AND EFFECTIVE DYNAMICS,_u876_projection_origin_four_force_completion_theorem,PROJECTION ORIGIN FOUR FORCE COMPLETION THEOREM,"Integrate latent motion, observer motion, four-force tomography, invariant reconstruction, operator transport, and bidirectional dynamics reconstruction into one dependency-ordered projection-origin theorem.","Integrate latent motion, observer motion, four-force tomography, invariant reconstruction, operator transport, and bidirectional dynamics reconstruction into one dependency-ordered projection-origin theorem.",TRUE
241,Primary,6,NATIVE PROJECTION AND EFFECTIVE DYNAMICS,_u877_minimal_latent_character_frame_theorem,MINIMAL LATENT CHARACTER FRAME THEOREM,Derive the four-force projection frame as the complete character table of the primitive two-bit relation group and prove minimal latent dimension four.,Derive the four-force projection frame as the complete character table of the primitive two-bit relation group and prove minimal latent dimension four.,TRUE
242,Primary,6,NATIVE PROJECTION AND EFFECTIVE DYNAMICS,_u877_native_observer_axis_derivation_theorem,NATIVE OBSERVER AXIS DERIVATION THEOREM,Derive the observer frame from a native positive anchor with a simple ordered spectrum instead of treating observer motion as an external calibration.,Derive the observer frame from a native positive anchor with a simple ordered spectrum instead of treating observer motion as an external calibration.,TRUE
243,Primary,6,NATIVE PROJECTION AND EFFECTIVE DYNAMICS,_u877_force_carrier_sector_equivalence_theorem,FOUR FORCE CARRIER SECTOR EQUIVALENCE THEOREM,"Join gravity, electromagnetism, weak interaction, and strong interaction to spin-two, U1, SU2, and SU3 carriers in the physically ordered dictionary.","Join gravity, electromagnetism, weak interaction, and strong interaction to spin-two, U1, SU2, and SU3 carriers in the physically ordered dictionary.",TRUE
244,Primary,6,NATIVE PROJECTION AND EFFECTIVE DYNAMICS,_u877_latent_mass_source_projection_theorem,LATENT MASS SOURCE PROJECTION THEOREM,"Generate mass, inertia, and source tensors in the latent layer and prove exact reconstruction from the complete four-force projection layer.","Generate mass, inertia, and source tensors in the latent layer and prove exact reconstruction from the complete four-force projection layer.",TRUE
245,Primary,6,NATIVE PROJECTION AND EFFECTIVE DYNAMICS,_u877_projection_generated_action_theorem,PROJECTION GENERATED OBSERVABLE ACTION THEOREM,Prove that observable force dynamics and its action arise by projection from intrinsic motion and the internally derived observer frame.,Prove that observable force dynamics and its action arise by projection from intrinsic motion and the internally derived observer frame.,TRUE
246,Primary,6,NATIVE PROJECTION AND EFFECTIVE DYNAMICS,_u877_origin_projection_reality_completion_theorem,ORIGIN PROJECTION REALITY COMPLETION THEOREM,"Integrate the minimal latent carrier, internally derived observer frame, exact force sectors, mass-source reconstruction, and projection-generated action into one ordered theorem.","Integrate the minimal latent carrier, internally derived observer frame, exact force sectors, mass-source reconstruction, and projection-generated action into one ordered theorem.",TRUE
247,Primary,6,NATIVE PROJECTION AND EFFECTIVE DYNAMICS,_u878_origin_shadow_scale_semigroup_theorem,ORIGIN SHADOW SCALE SEMIGROUP THEOREM,Derive a continuous multiplicative rational-scale semigroup in the latent layer and prove exact generation and inversion of its four observable shadows.,Derive a continuous multiplicative rational-scale semigroup in the latent layer and prove exact generation and inversion of its four observable shadows.,TRUE
248,Primary,6,NATIVE PROJECTION AND EFFECTIVE DYNAMICS,_u878_all_order_shadow_amplitude_recurrence_theorem,ALL ORDER SHADOW AMPLITUDE RECURRENCE THEOREM,Prove that every integer-order observable amplitude is uniquely generated by a finite exact recurrence fixed by native poles and residues.,Prove that every integer-order observable amplitude is uniquely generated by a finite exact recurrence fixed by native poles and residues.,TRUE
249,Primary,6,NATIVE PROJECTION AND EFFECTIVE DYNAMICS,_u878_observer_apparatus_coupling_theorem,OBSERVER APPARATUS COUPLING THEOREM,"Derive the observer apparatus as the unique ordered, sign-fixed, orientation-preserving zero-action coupling between the native anchor and its primitive level operator.","Derive the observer apparatus as the unique ordered, sign-fixed, orientation-preserving zero-action coupling between the native anchor and its primitive level operator.",TRUE
250,Primary,6,NATIVE PROJECTION AND EFFECTIVE DYNAMICS,_u878_predeclared_reality_ratio_packet_theorem,PREDECLARED REALITY RATIO PACKET THEOREM,"Generate and seal a dimensionless mass, mixing, sector, scattering, strong-gap, and gravity-ratio packet before any external comparison.","Generate and seal a dimensionless mass, mixing, sector, scattering, strong-gap, and gravity-ratio packet before any external comparison.",TRUE
251,Primary,6,NATIVE PROJECTION AND EFFECTIVE DYNAMICS,_u878_strong_gap_projection_transfer_theorem,STRONG GAP PROJECTION TRANSFER THEOREM,Transfer the native gauge-invariant SU3 center gap through the physical strong-sector projector and prove that orthogonal projection preserves the declared color gap exactly.,Transfer the native gauge-invariant SU3 center gap through the physical strong-sector projector and prove that orthogonal projection preserves the declared color gap exactly.,TRUE
252,Primary,6,NATIVE PROJECTION AND EFFECTIVE DYNAMICS,_u878_smooth_lorentzian_pullback_covariance_theorem,SMOOTH LORENTZIAN PULLBACK COVARIANCE THEOREM,"Prove exact Lorentzian pullback covariance and composition for a nonlinear polynomial coframe under a rational affine atlas, with an exact two-polarization and null-constraint carrier.","Prove exact Lorentzian pullback covariance and composition for a nonlinear polynomial coframe under a rational affine atlas, with an exact two-polarization and null-constraint carrier.",TRUE
253,Primary,6,NATIVE PROJECTION AND EFFECTIVE DYNAMICS,_u878_origin_shadow_reality_frontier_theorem,ORIGIN SHADOW REALITY FRONTIER THEOREM,"Integrate the physical carrier dictionary and six origin-to-reality theorems, closing every internal prerequisite while preserving the exact boundary to unrestricted physics and external validation.","Integrate the physical carrier dictionary and six origin-to-reality theorems, closing every internal prerequisite while preserving the exact boundary to unrestricted physics and external validation.",TRUE
254,Primary,6,NATIVE PROJECTION AND EFFECTIVE DYNAMICS,_u879_complete_reality_identifiability_theorem,COMPLETE REALITY IDENTIFIABILITY THEOREM,"Prove unique latent-frame identification inside the complete signed-permutation competitor class from the native anchor, ordered apparatus rule, force frame, and mass operator.","Prove unique latent-frame identification inside the complete signed-permutation competitor class from the native anchor, ordered apparatus rule, force frame, and mass operator.",TRUE
255,Primary,6,NATIVE PROJECTION AND EFFECTIVE DYNAMICS,_u879_all_order_source_moment_theorem,ALL ORDER SOURCE MOMENT THEOREM,Generate every integer-order source moment from four native poles and prove exact projection covariance and unique recurrence without order-by-order parameter insertion.,Generate every integer-order source moment from four native poles and prove exact projection covariance and unique recurrence without order-by-order parameter insertion.,TRUE
256,Primary,6,NATIVE PROJECTION AND EFFECTIVE DYNAMICS,_u879_exact_pole_amputation_theorem,EXACT POLE AMPUTATION THEOREM,"Prove exact pole attachment, observable projection, bilateral amputation, and latent-vertex reconstruction for every declared channel pair.","Prove exact pole attachment, observable projection, bilateral amputation, and latent-vertex reconstruction for every declared channel pair.",TRUE
257,Primary,6,NATIVE PROJECTION AND EFFECTIVE DYNAMICS,_u879_reflection_positive_transfer_reconstruction_theorem,REFLECTION POSITIVE TRANSFER RECONSTRUCTION THEOREM,"Construct a positive transfer carrier, prove reflection-form positivity, unique vacuum separation, and exact Hilbert reconstruction in the declared finite spectral class.","Construct a positive transfer carrier, prove reflection-form positivity, unique vacuum separation, and exact Hilbert reconstruction in the declared finite spectral class.",TRUE
258,Primary,6,NATIVE PROJECTION AND EFFECTIVE DYNAMICS,_u879_su3_projective_refinement_gap_theorem,SU3 PROJECTIVE REFINEMENT GAP THEOREM,Prove projective consistency and a scale-independent positive SU3 center-loop gap under arbitrary declared edge subdivision.,Prove projective consistency and a scale-independent positive SU3 center-loop gap under arbitrary declared edge subdivision.,TRUE
259,Primary,6,NATIVE PROJECTION AND EFFECTIVE DYNAMICS,_u879_lorentzian_action_inverse_limit_theorem,LORENTZIAN ACTION INVERSE LIMIT THEOREM,Prove exact affine change-of-variable covariance and convergence of a two-polarization Lorentzian action along the declared projective field refinement.,Prove exact affine change-of-variable covariance and convergence of a two-polarization Lorentzian action along the declared projective field refinement.,TRUE
260,Primary,6,NATIVE PROJECTION AND EFFECTIVE DYNAMICS,_u879_external_replication_certificate_theorem,EXTERNAL REPLICATION CERTIFICATE THEOREM,Generate one immutable ratio certificate and prove deterministic verification rules that cannot report external success without an independently supplied signed result.,Generate one immutable ratio certificate and prove deterministic verification rules that cannot report external success without an independently supplied signed result.,TRUE
261,Primary,6,NATIVE PROJECTION AND EFFECTIVE DYNAMICS,_u879_origin_reality_continuum_completion_theorem,ORIGIN REALITY CONTINUUM COMPLETION THEOREM,"Integrate exact latent identifiability, all-order moments, pole amputation, positive transfer reconstruction, projective SU3 gap, Lorentzian action convergence, and fail-closed external certification.","Integrate exact latent identifiability, all-order moments, pole amputation, positive transfer reconstruction, projective SU3 gap, Lorentzian action convergence, and fail-closed external certification.",TRUE
262,Primary,6,NATIVE PROJECTION AND EFFECTIVE DYNAMICS,theorem_source_projection_reconstruction,SOURCE PROJECTION RECONSTRUCTION THEOREM,Prove that a complete family of relation projections separates and reconstructs every function and measure on the eighteen-state source ledger.,"The complete tensor monomial family on the eighteen-state ledger has an exact inverse evaluation matrix. Every source state, field, probability measure, and finite observable is therefore reconstructed from its compatible projection moments.",TRUE
263,Primary,6,NATIVE PROJECTION AND EFFECTIVE DYNAMICS,theorem_source_character_parseval_completion,SOURCE CHARACTER PARSEVAL COMPLETION THEOREM,Prove an exact rational Fourier-Parseval transform on the eighteen-state source and its arbitrary-depth tensor completion.,The eighteen signed-occupancy states carry an explicit tensor character basis whose Gram matrix is positive and diagonal. Exact Parseval reconstruction at one seat propagates to every finite depth by tensor induction and then extends uniquely to the Cauchy completion.,TRUE
264,Primary,6,NATIVE PROJECTION AND EFFECTIVE DYNAMICS,theorem_inductive_limit_source_shadow_isomorphism,INDUCTIVE LIMIT SOURCE SHADOW ISOMORPHISM THEOREM,"Prove compatible embeddings, conditional expectations, algebra products, and a unique isometric source-shadow map on the inductive-limit completion.","Refinement repeats a parent field over all children while conditional expectation averages the children back to the parent. Because products and norms are preserved, the compatible finite transforms define one global source-shadow algebra isomorphism.",TRUE
265,Primary,6,NATIVE PROJECTION AND EFFECTIVE DYNAMICS,theorem_source_shadow_dynamical_equivalence,SOURCE SHADOW DYNAMICAL EQUIVALENCE THEOREM,"Show that distinct shadow equations can encode one source dynamics through exact intertwining, without requiring identical shadow matrices.","Two shadow observers may write different evolution matrices while both remain exact conjugate images of one source operator. The intertwiner preserves complete trajectories and spectral invariants, so physical equivalence does not require identical equations inside each shadow.",TRUE
266,Primary,6,NATIVE PROJECTION AND EFFECTIVE DYNAMICS,theorem_projective_shadow_analytic_uniqueness,PROJECTIVE SHADOW ANALYTIC UNIQUENESS THEOREM,Solve the endpoint and odds coefficient equations for every positive rational projective scale.,The general projective coefficients are solved before any numerical scale is sampled. Endpoint preservation and odds scaling leave one normalized coefficient ray for every positive rational scale.,TRUE
267,Primary,6,NATIVE PROJECTION AND EFFECTIVE DYNAMICS,theorem_bounded_shadow_mobius_semigroup,BOUNDED SHADOW MOBIUS SEMIGROUP THEOREM,"Prove analytic uniqueness, endpoint preservation, composition, inverse and odds scaling.","The endpoint-fixing equation T_a(x)=x/[a+(1-a)x] maps the unit interval to itself and fixes both limiting shadow sizes. Its composition multiplies source scales, its inverse uses the reciprocal scale, and its odds coordinate reproduces the source ratio exactly.",TRUE
268,Primary,6,NATIVE PROJECTION AND EFFECTIVE DYNAMICS,theorem_boundary_additive_depth_decoder,BOUNDARY ADDITIVE DEPTH DECODER THEOREM,Prove the unique additive depth coordinate on the exact discrete bounded-shadow orbit without evaluating a transcendental function.,The bounded coordinate contains an exact discrete depth because each native step multiplies its odds by the same primitive factor. Zero at the balanced state and one unit per native step uniquely recover the integer depth without evaluating a logarithm.,TRUE
269,Primary,6,NATIVE PROJECTION AND EFFECTIVE DYNAMICS,theorem_axis_projection_conjugacy,AXIS PROJECTION CONJUGACY THEOREM,"Prove that one source step appears as linear translation, bounded curvature, mirrored saturation, or multiplicative scaling according to the retained readout axis.","Retaining only the depth axis shows straight translation, whereas retaining the nonlinear bounded axis shows a curved saturating orbit. The apparent laws differ because the readout axis differs; they remain conjugate representations of one source step.",TRUE
270,Primary,6,NATIVE PROJECTION AND EFFECTIVE DYNAMICS,theorem_projective_depth_one_form_invariance,PROJECTIVE DEPTH ONE FORM INVARIANCE THEOREM,Prove that the canonical depth one-form is invariant under every positive projective boundary compression without evaluating a logarithm.,"The projective shadow coordinate changes nonlinearly, but the depth one-form dx divided by x times one minus x is exactly unchanged by every positive endpoint-fixing compression. This supplies the logarithmic-coordinate structure without evaluating a logarithm or importing a continuum scale.",TRUE
271,Primary,6,NATIVE PROJECTION AND EFFECTIVE DYNAMICS,theorem_observation_axis_conjugate_master,OBSERVATION AXIS CONJUGATE MASTER THEOREM,"Prove that length, area, volume, bounded position and state count are simultaneous readouts of one source-depth orbit.","One source depth is read simultaneously as bounded position, multiplicative length, area, volume and native state count. Different displayed laws therefore arise from retaining different nonlinear readout channels, not from inserting unrelated dynamics.",TRUE
272,Primary,6,NATIVE PROJECTION AND EFFECTIVE DYNAMICS,_polynomial_lie_closure_criterion_theorem,POLYNOMIAL LIE CLOSURE CRITERION THEOREM,Prove the exact polynomial Lie-closure criterion for a nonlinear continuous native field and one many-to-one projection.,"A continuous projected law is exact when the Lie derivative of every chosen readout factors through the same projection. The total-and-hidden projection closes exactly, while the unresolved difference readout has equal current values with unequal derivatives and therefore cannot define an autonomous continuous equation.",TRUE
273,Primary,6,NATIVE PROJECTION AND EFFECTIVE DYNAMICS,_nonlinear_continuous_flow_semigroup_theorem,NONLINEAR CONTINUOUS FLOW SEMIGROUP THEOREM,Construct and verify the exact global rational flow of the generated nonlinear polynomial field.,"The nonlinear native field admits an exact cubic rational flow. The total readout is conserved, the hidden readout advances linearly, the transfer between the two visible coordinates is the exact integral of the squared hidden coordinate, and the complete flow intertwines with the effective world for every tested rational state and time.",TRUE
274,Primary,6,NATIVE PROJECTION AND EFFECTIVE DYNAMICS,_nonlinear_finite_memory_completion_theorem,NONLINEAR FINITE MEMORY COMPLETION THEOREM,Eliminate a nonlinear hidden shift register and derive its exact finite-memory visible recurrence.,"A nonlinear shadow that is not autonomous still has an exact effective law. Eliminating the two hidden shift seats gives current visible value plus the square of the value two steps earlier, with the first two updates supplied by the initial hidden state.",TRUE
275,Primary,6,NATIVE PROJECTION AND EFFECTIVE DYNAMICS,_js_sh_projective_unitary_flow_theorem,JS SH PROJECTIVE UNITARY FLOW THEOREM,"Construct a rational projective JS-SH unitary family with exact forward, inverse, composition, recurrence, and reconstruction laws.","The JS-SH carrier has an exact rational projective clock. Every clock parameter gives a norm-preserving forward map, the negative parameter gives the reverse map, clock parameters compose by one fractional law, and complementary total and difference shell readouts reconstruct the evolved carrier.",TRUE
276,Primary,6,NATIVE PROJECTION AND EFFECTIVE DYNAMICS,_bounded_jet_closure_decidability_theorem,BOUNDED JET CLOSURE DECIDABILITY THEOREM,Decide order-six local smooth closure coefficientwise and exhibit one exact hidden-jet obstruction.,"Local smooth closure is not inferred from sampled trajectories. The complete order-six jet is inspected coefficient by coefficient. Terms supported only on the two projected coordinates generate an autonomous effective jet, while every nonzero coefficient containing the hidden coordinate is an explicit obstruction.",TRUE
277,Primary,6,NATIVE PROJECTION AND EFFECTIVE DYNAMICS,_triangular_polynomial_flow_family_theorem,TRIANGULAR POLYNOMIAL FLOW FAMILY THEOREM,Prove the exact semigroup and differential law for every rational transfer polynomial through degree five.,"The earlier cubic example belongs to a complete rational triangular family. For any transfer polynomial through degree five, a finite binomial integral gives the exact global flow, its inverse, its differential equation, and its semigroup law.",TRUE
278,Primary,6,NATIVE PROJECTION AND EFFECTIVE DYNAMICS,_arbitrary_finite_memory_depth_theorem,ARBITRARY FINITE MEMORY DEPTH THEOREM,Construct exact nonlinear delay laws for hidden shift registers of every declared depth and prove depth minimality.,Every finite memory depth has one explicit native realization. A depth-m hidden shift register yields next visible equals current visible plus a declared function of the value m steps earlier. Two states differing only in the oldest hidden seat prove that no shorter current-state description can be exact.,TRUE
279,Primary,6,NATIVE PROJECTION AND EFFECTIVE DYNAMICS,_js_sh_continuous_generator_compatibility_theorem,JS SH CONTINUOUS GENERATOR THEOREM,Derive the exact rational differential generator of the JS-SH projective unitary family.,"The projective JS-SH family is not only a collection of norm-preserving matrices. It solves an exact first-order equation whose skew generator is multiplied by one rational clock rate. Norm preservation, identity, and reverse motion follow without trigonometric evaluation.",TRUE
280,Primary,7,COVARIANT CONTINUUM FIELD CONSTRUCTION,_finite_covariant_twenty_two_target_closure_theorem,FINITE COVARIANT TWENTY TWO TARGET CLOSURE THEOREM,Execute the exact certificate for FINITE COVARIANT TWENTY TWO TARGET CLOSURE THEOREM on its generated dependency domain.,This theorem supplies the generated object required by the next causal stage.,TRUE
281,Primary,7,COVARIANT CONTINUUM FIELD CONSTRUCTION,_nonlinear_covariant_parent_field_theorem,NONLINEAR COVARIANT PARENT FIELD THEOREM,Execute the exact certificate for NONLINEAR COVARIANT PARENT FIELD THEOREM on its generated dependency domain.,This theorem supplies the generated object required by the next causal stage.,TRUE
282,Primary,7,COVARIANT CONTINUUM FIELD CONSTRUCTION,_projective_direct_limit_parent_field_theorem,PROJECTIVE DIRECT LIMIT PARENT FIELD THEOREM,Execute the exact certificate for PROJECTIVE DIRECT LIMIT PARENT FIELD THEOREM on its generated dependency domain.,This theorem supplies the generated object required by the next causal stage.,TRUE
283,Primary,7,COVARIANT CONTINUUM FIELD CONSTRUCTION,_complete_direct_system_target_theorem,COMPLETE DIRECT SYSTEM TARGET THEOREM,Execute the exact certificate for COMPLETE DIRECT SYSTEM TARGET THEOREM on its generated dependency domain.,This theorem supplies the generated object required by the next causal stage.,TRUE
284,Primary,7,COVARIANT CONTINUUM FIELD CONSTRUCTION,_universal_covariant_energy_completion_theorem,UNIVERSAL COVARIANT ENERGY COMPLETION THEOREM,Execute the exact certificate for UNIVERSAL COVARIANT ENERGY COMPLETION THEOREM on its generated dependency domain.,This theorem supplies the generated object required by the next causal stage.,TRUE
285,Primary,7,COVARIANT CONTINUUM FIELD CONSTRUCTION,_compact_smooth_covariant_representation_theorem,COMPACT SMOOTH COVARIANT REPRESENTATION THEOREM,Execute the exact certificate for COMPACT SMOOTH COVARIANT REPRESENTATION THEOREM on its generated dependency domain.,This theorem supplies the generated object required by the next causal stage.,TRUE
286,Primary,7,COVARIANT CONTINUUM FIELD CONSTRUCTION,_finite_good_cover_covariant_descent_theorem,FINITE GOOD COVER COVARIANT DESCENT THEOREM,Execute the exact certificate for FINITE GOOD COVER COVARIANT DESCENT THEOREM on its generated dependency domain.,This theorem supplies the generated object required by the next causal stage.,TRUE
287,Primary,7,COVARIANT CONTINUUM FIELD CONSTRUCTION,_locally_finite_covariant_exhaustion_theorem,LOCALLY FINITE COVARIANT EXHAUSTION THEOREM,Execute the exact certificate for LOCALLY FINITE COVARIANT EXHAUSTION THEOREM on its generated dependency domain.,This theorem supplies the generated object required by the next causal stage.,TRUE
288,Primary,7,COVARIANT CONTINUUM FIELD CONSTRUCTION,_global_completion_frontier_theorem,GLOBAL COMPLETION FRONTIER THEOREM,Execute the exact certificate for GLOBAL COMPLETION FRONTIER THEOREM on its generated dependency domain.,This theorem supplies the generated object required by the next causal stage.,TRUE
289,Primary,7,COVARIANT CONTINUUM FIELD CONSTRUCTION,_universal_native_frontier_closure_theorem,UNIVERSAL NATIVE FRONTIER CLOSURE THEOREM,Execute the exact certificate for UNIVERSAL NATIVE FRONTIER CLOSURE THEOREM on its generated dependency domain.,This theorem supplies the generated object required by the next causal stage.,TRUE
290,Primary,7,COVARIANT CONTINUUM FIELD CONSTRUCTION,_countable_hilbert_native_closure_theorem,COUNTABLE HILBERT NATIVE CLOSURE THEOREM,Execute the exact certificate for COUNTABLE HILBERT NATIVE CLOSURE THEOREM on its generated dependency domain.,This theorem supplies the generated object required by the next causal stage.,TRUE
291,Primary,7,COVARIANT CONTINUUM FIELD CONSTRUCTION,_separable_covariant_universality_theorem,SEPARABLE COVARIANT UNIVERSALITY THEOREM,Execute the exact certificate for SEPARABLE COVARIANT UNIVERSALITY THEOREM on its generated dependency domain.,This theorem supplies the generated object required by the next causal stage.,TRUE
292,Primary,7,COVARIANT CONTINUUM FIELD CONSTRUCTION,_parametric_universal_native_unification_theorem,PARAMETRIC UNIVERSAL NATIVE UNIFICATION THEOREM,Execute the exact certificate for PARAMETRIC UNIVERSAL NATIVE UNIFICATION THEOREM on its generated dependency domain.,This theorem supplies the generated object required by the next causal stage.,TRUE
293,Primary,7,COVARIANT CONTINUUM FIELD CONSTRUCTION,_smooth_covariant_density_theorem,SMOOTH COVARIANT DENSITY THEOREM,Execute the exact certificate for SMOOTH COVARIANT DENSITY THEOREM on its generated dependency domain.,This theorem supplies the generated object required by the next causal stage.,TRUE
294,Primary,7,COVARIANT CONTINUUM FIELD CONSTRUCTION,_global_four_force_resolution_theorem,GLOBAL FOUR FORCE RESOLUTION THEOREM,Execute the exact certificate for GLOBAL FOUR FORCE RESOLUTION THEOREM on its generated dependency domain.,This theorem supplies the generated object required by the next causal stage.,TRUE
295,Primary,7,COVARIANT CONTINUUM FIELD CONSTRUCTION,_gauge_quotient_observable_completion_theorem,GAUGE QUOTIENT OBSERVABLE COMPLETION THEOREM,Execute the exact certificate for GAUGE QUOTIENT OBSERVABLE COMPLETION THEOREM on its generated dependency domain.,This theorem supplies the generated object required by the next causal stage.,TRUE
296,Primary,7,COVARIANT CONTINUUM FIELD CONSTRUCTION,_four_force_operator_identification_theorem,FOUR FORCE OPERATOR IDENTIFICATION THEOREM,Execute the exact certificate for FOUR FORCE OPERATOR IDENTIFICATION THEOREM on its generated dependency domain.,This theorem supplies the generated object required by the next causal stage.,TRUE
297,Primary,7,COVARIANT CONTINUUM FIELD CONSTRUCTION,_x893_effective_operator_coefficient_closure_theorem,EFFECTIVE OPERATOR COEFFICIENT CLOSURE THEOREM,Join the four generated sectors to exact variational operator certificates without direct measured-value identification.,The generated five-one-three-eight sectors are connected to variational operator identities only after projection. No measured coefficient is inserted into the native parent action.,TRUE
298,Primary,7,COVARIANT CONTINUUM FIELD CONSTRUCTION,_e895_closed_recursive_mode_spectrum_theorem,CLOSED RECURSIVE MODE SPECTRUM THEOREM,Generate an exact closed-loop vibration spectrum from closure alone as the minimal string-like effective example.,"A string or loop is not assumed as the fundamental ontology. When the generated relation flow closes into a four-site cycle, the closed carrier has an exact rational mode spectrum. This supplies a string-like effective readout only at the layer where the closure is resolved as a loop.",TRUE
299,Primary,7,COVARIANT CONTINUUM FIELD CONSTRUCTION,_e895_effective_equation_family_generation_theorem,EFFECTIVE EQUATION FAMILY GENERATION THEOREM,Generate and classify the principal effective equation families from native certificates without using those effective equations as native inputs.,Standard equations are treated as effective laws on projected variables. Their empirical accuracy is not denied. The stronger task is to regenerate their operator families from the native ledger and prove that the native-first and effective-only calculations agree on the projected result.,TRUE
300,Primary,7,COVARIANT CONTINUUM FIELD CONSTRUCTION,_e896_native_operator_grammar_theorem,NATIVE OPERATOR GRAMMAR THEOREM,"Generate conservation, gauge closure, wave, Dirac-square, unitary probability, nonabelian, metric, closed-mode, and scale-flow operator structures from one exact incidence and variational grammar.","The main effective equations are not unrelated formulas. Boundary, coboundary, metric pairing, skew evolution, projection, commutator, and variation form one operator grammar. Conservation, gauge closure, wave propagation, unitary quantum readout, chiral propagation, nonabelian curvature, metric dynamics, and scale flow are different projections of that grammar.",TRUE
301,Primary,7,COVARIANT CONTINUUM FIELD CONSTRUCTION,_e896_standard_equation_dictionary_theorem,STANDARD EQUATION DICTIONARY THEOREM,Connect thirty principal standard-physics equation forms to native ingredients and exact generated certificates without using the standard forms as native inputs.,The dictionary does not copy thirty observed equations into the origin. It records which generated native operation produces each effective operator form and which exact certificate supports that form. Equality of all measured constants and all textbook solutions remains an external phenomenological question.,TRUE
302,Primary,7,COVARIANT CONTINUUM FIELD CONSTRUCTION,_standard_and_candidate_dynamical_bridge_theorem,STANDARD AND CANDIDATE DYNAMICAL BRIDGE THEOREM,Place all thirty standard forms and six bounded framework connections under the universal closure-memory-scale compiler.,"The same compiler connects standard equations and bounded unification-framework structures. It asks whether the selected observables are exactly closed, require an exact memory extension, survive only as a scale limit, or propagate as constraints. No standard or candidate equation is used to choose the native generator.",TRUE
303,Primary,7,COVARIANT CONTINUUM FIELD CONSTRUCTION,_standard_equation_trajectory_compiler_theorem,STANDARD EQUATION TRAJECTORY COMPILER THEOREM,Classify all thirty generated standard-equation forms by exact trajectory closure mechanisms.,"The thirty equation forms are no longer connected only by visual resemblance. Each is assigned to a proved trajectory mechanism: nonlinear fiber factorization, continuous generator intertwining, nonlinear observable closure, JS-SH adjoint recurrence, one nonlinear four-force parent algebra, exact memory completion, or an independently registered covariant certificate.",TRUE
304,Primary,7,COVARIANT CONTINUUM FIELD CONSTRUCTION,_candidate_framework_common_origin_theorem,CANDIDATE FRAMEWORK COMMON ORIGIN THEOREM,Place six major effective framework architectures under one bounded common-origin closure table.,"The major unification candidates are treated as distinct effective observable architectures of one deeper native ledger: equation algebras, parent symmetry decomposition, closed spectra, projective networks, scale fixed points, and quotient-world information. Structural overlap is proved without repeating every independently executed heavy continuum certificate inside this root.",TRUE
305,Primary,7,COVARIANT CONTINUUM FIELD CONSTRUCTION,_closure_defect_prediction_theorem,CLOSURE DEFECT PREDICTION THEOREM,Seal the first nonzero memory-kernel ratio and the exact two-step closure-defect recurrence as native predictions.,"The universal compiler yields a new quantity rather than only rephrasing standard equations. In the minimal nonclosed native block, the first delayed memory-kernel strength is exactly one eighth of the instantaneous kernel strength and every later kernel vanishes.",TRUE
306,Primary,7,COVARIANT CONTINUUM FIELD CONSTRUCTION,_semantic_ratio_decoder_selection_theorem,SEMANTIC RATIO DECODER SELECTION THEOREM,Freeze a value-independent semantic decoder for native coefficient and closure-defect ratios.,"A blind comparison fails if the physical target is chosen after its value is known. This theorem fixes the admissible target class before data: same-scale quadratic sector ratios and one same-channel memory-kernel ratio, with one common scale removed and no post-seal channel relabeling.",TRUE
307,Primary,7,COVARIANT CONTINUUM FIELD CONSTRUCTION,_e897_projection_invariant_constant_generation_theorem,PROJECTION INVARIANT CONSTANT GENERATION THEOREM,"Generate a sealed dimensionless invariant ledger from relation counts, ranks, closure ratios, sector proportions, and causal scale covariance.","The internal theory generates exact dimensionless counts, ratios, ranks, closure periods, and scale-covariant conversion ratios. These are candidate origins of effective constants, but no measured constant is declared identical until a sealed projection decoder and blind ratio comparison are supplied.",TRUE
308,Primary,7,COVARIANT CONTINUUM FIELD CONSTRUCTION,_e898_native_coefficient_descent_theorem,NATIVE COEFFICIENT DESCENT THEOREM,Derive exact projected quadratic-action coefficient ratios from the native scale spectrum without observed inputs.,The coefficients of the effective quadratic sector action are generated as basis-independent mean-square eigenvalues of the native scale operator. Their ratios are computed before comparison and therefore cannot be adjusted to observed couplings.,TRUE
309,Primary,7,COVARIANT CONTINUUM FIELD CONSTRUCTION,_e897_effective_world_equation_closure_theorem,EFFECTIVE WORLD EQUATION CLOSURE THEOREM,Join the three-dimensional quotient world to thirty native-generated equation-form certificates without recomputing the large downstream roots.,"The thirty generated equation forms act inside the three-coordinate quotient world and remain exact on projection equivalence classes. Existing frameworks are connected as bounded effective structures, while native selection and empirical coefficients are never inferred backward from those frameworks.",TRUE
310,Primary,7,COVARIANT CONTINUUM FIELD CONSTRUCTION,_e895_existing_unification_candidate_connection_theorem,EXISTING UNIFICATION CANDIDATE CONNECTION THEOREM,"Place major existing physics and unification frameworks in the effective-readout layer by exact structural overlap, without claiming full equivalence.","Existing theories are not dismissed as incorrect shadows. They are compared as mathematically precise effective descriptions. Structural overlap means that the native system generates the same class of projected operator, not that every external theory has been proved identical to this native origin.",TRUE
311,Primary,7,COVARIANT CONTINUUM FIELD CONSTRUCTION,_x893_infinite_volume_local_unitary_field_theorem,INFINITE VOLUME LOCAL UNITARY FIELD THEOREM,"Construct an exact infinite-volume, finite-propagation, norm-preserving field dynamics and its dyadic continuum extension.",A rational orthogonal local coin and a bijective conditional shift define a norm-preserving operator on the finitely supported dense core of the countable infinite lattice. Finite propagation and norm preservation give a unique unitary extension to its Hilbert completion.,TRUE
312,Primary,7,COVARIANT CONTINUUM FIELD CONSTRUCTION,_nonperturbative_field_measure_prediction_seal_theorem,NONPERTURBATIVE FIELD MEASURE PREDICTION SEAL THEOREM,Execute the exact certificate for NONPERTURBATIVE FIELD MEASURE PREDICTION SEAL THEOREM on its generated dependency domain.,This theorem supplies the generated object required by the next causal stage.,TRUE
313,Primary,7,COVARIANT CONTINUUM FIELD CONSTRUCTION,_blind_ratio_falsification_completion_theorem,BLIND RATIO FALSIFICATION COMPLETION THEOREM,Execute the exact certificate for BLIND RATIO FALSIFICATION COMPLETION THEOREM on its generated dependency domain.,This theorem supplies the generated object required by the next causal stage.,TRUE
314,Primary,7,COVARIANT CONTINUUM FIELD CONSTRUCTION,_e898_ratio_observation_contract_theorem,RATIO OBSERVATION CONTRACT THEOREM,Create an immutable no-fitting ratio prediction and deterministic external-comparison contract.,"The final observational layer compares only frozen dimensionless ratios. A direct fractional construction and an independent common-denominator integer construction agree exactly; common scale cancels, and every tested post-seal mutation is rejected.",TRUE
315,Primary,7,COVARIANT CONTINUUM FIELD CONSTRUCTION,_e898_native_world_standard_observation_hierarchy_theorem,NATIVE WORLD STANDARD OBSERVATION HIERARCHY THEOREM,"Conjoin the native ledger, effective world, standard-equation, and observation layers into one exact hierarchy theorem.","The hierarchy is no longer a verbal analogy. Each arrow is an executable interface: native update to a local three-dimensional quotient, quotient to effective equation forms and coefficients, equations to scale-free predictions, and predictions to a deterministic external verdict.",TRUE
316,Primary,7,COVARIANT CONTINUUM FIELD CONSTRUCTION,_native_energy_ratio_decoder_theorem,NATIVE ENERGY RATIO DECODER THEOREM,Execute the exact certificate for NATIVE ENERGY RATIO DECODER THEOREM on its generated dependency domain.,This theorem supplies the generated object required by the next causal stage.,TRUE
317,Primary,7,COVARIANT CONTINUUM FIELD CONSTRUCTION,_continuum_schur_beta_universality_theorem,CONTINUUM SCHUR BETA UNIVERSALITY THEOREM,Execute the exact certificate for CONTINUUM SCHUR BETA UNIVERSALITY THEOREM on its generated dependency domain.,This theorem supplies the generated object required by the next causal stage.,TRUE
318,Primary,7,COVARIANT CONTINUUM FIELD CONSTRUCTION,_time_first_single_anchor_completion_theorem,TIME FIRST SINGLE ANCHOR COMPLETION THEOREM,Execute the exact certificate for TIME FIRST SINGLE ANCHOR COMPLETION THEOREM on its generated dependency domain.,This theorem supplies the generated object required by the next causal stage.,TRUE
319,Primary,7,COVARIANT CONTINUUM FIELD CONSTRUCTION,_four_force_common_carrier_schur_action_theorem,FOUR FORCE COMMON CARRIER SCHUR ACTION THEOREM,Derive a positive four-sector effective action by exact stationary elimination of one common carrier.,"The four sectors share one common carrier rather than four unrelated actions. Exact stationary elimination of that carrier produces a positive Schur action, generated cross-sector couplings, and the same sector variation as the parent action.",TRUE
320,Primary,7,COVARIANT CONTINUUM FIELD CONSTRUCTION,_force_decoder_identifiability_theorem,FORCE DECODER IDENTIFIABILITY THEOREM,"Prove unique four-sector semantic decoding under generated rank, closure, and operator signatures.","A physical decoder is not selected by numerical proximity. The generated sector rank, closure type, and operator role form distinct semantic signatures, and exhaustive permutation leaves exactly one admissible four-sector identification.",TRUE
321,Primary,7,COVARIANT CONTINUUM FIELD CONSTRUCTION,_standard_equation_commuting_diagram_theorem,STANDARD EQUATION COMMUTING DIAGRAM THEOREM,Close one commuting native-world-equation-ratio diagram for every generated standard equation form.,"Each standard equation form now belongs to one executable commuting diagram: one native mechanism, one generated world readout, one effective trajectory law, and one ratio-only observation interface. The equation form is not used backward to construct its native source.",TRUE
322,Primary,7,COVARIANT CONTINUUM FIELD CONSTRUCTION,_sealed_multiratio_prediction_theorem,SEALED MULTIRATIO PREDICTION THEOREM,Generate and seal a scale-free multi-ratio prediction packet from independent native mechanisms.,"The prediction layer is not a single fitted number. Native coefficient ratios, the first memory-strength ratio, six common-carrier pair fractions, and four force-rank fractions are generated independently, normalized without an absolute unit, and sealed before external data.",TRUE
323,Primary,7,COVARIANT CONTINUUM FIELD CONSTRUCTION,_four_force_action_scale_invariance_theorem,FOUR FORCE ACTION SCALE INVARIANCE THEOREM,Prove common-layer scale covariance and normalized-ratio invariance of the generated Schur action.,"A recursive layer change may alter the overall action unit but cannot alter the generated relative force content. The complete Schur matrix scales uniformly, all principal minors scale with their degree, positivity survives, and the normalized action matrix is identical at every declared layer.",TRUE
324,Primary,7,COVARIANT CONTINUUM FIELD CONSTRUCTION,_standard_mechanism_decoder_uniqueness_theorem,STANDARD MECHANISM DECODER UNIQUENESS THEOREM,Prove unique semantic identification of the seven mechanisms used by the thirty-equation trajectory compiler.,"The thirty effective equations are not attached to mechanisms by numerical resemblance. Time type, algebra type, closure type, physical role, and equation multiplicity form seven distinct signatures. Exhaustive permutation leaves exactly one mechanism decoder.",TRUE
325,Primary,7,COVARIANT CONTINUUM FIELD CONSTRUCTION,_blind_ratio_capsule_verdict_theorem,BLIND RATIO CAPSULE VERDICT THEOREM,Complete and self-test the deterministic ratio-capsule verdict operation without fabricating external evidence.,"The comparison operation is finished without importing observations into the proof. A capsule can only provide labeled dimensionless intervals. Exact protocol data pass, a one-component displacement fails, a missing label fails, and no verdict can alter the frozen prediction.",TRUE
326,Primary,7,COVARIANT CONTINUUM FIELD CONSTRUCTION,_u905_continuum_refinement_theorem,CONTINUUM REFINEMENT THEOREM,Execute the exact certificate for CONTINUUM REFINEMENT THEOREM on its generated dependency domain.,An induction identity proves the exact quadratic energy at every positive integer refinement. Dyadic and triadic refinements share the same continuum value and cutoff coefficient.,TRUE
327,Primary,7,COVARIANT CONTINUUM FIELD CONSTRUCTION,theorem_native_continuum_cylinder_reconstruction,NATIVE CONTINUUM CYLINDER RECONSTRUCTION THEOREM,"Construct a four-dimensional projective cylinder measure, positive transfer form, and exact local quadratic observable reconstruction.",Sixteen children per four-dimensional refinement preserve parent weight exactly at every depth. The symmetric transfer kernel is reflection positive and every affine-quadratic local observable is reconstructed exactly by finite differences.,TRUE
328,Primary,7,COVARIANT CONTINUUM FIELD CONSTRUCTION,theorem_source_cylinder_all_correlation_reconstruction,SOURCE CYLINDER ALL CORRELATION RECONSTRUCTION THEOREM,Construct a positive eighteen-state source cylinder measure and prove that its complete indicator correlations reconstruct every finite cylinder probability.,A strictly positive eighteen-state transition kernel generates normalized and projectively consistent finite cylinders. Complete indicator correlations equal the cylinder probabilities and reconstruct every finite source correlation by induction.,TRUE
329,Primary,7,COVARIANT CONTINUUM FIELD CONSTRUCTION,theorem_completed_generator_semigroup_intertwining,COMPLETED GENERATOR SEMIGROUP INTERTWINING THEOREM,"Construct the source transfer semigroup, prove positivity and an all-scale closed form, and extend exact intertwining to the cylinder completion.",One identity-retention channel and one common redistribution channel select a symmetric positive transfer kernel with a closed power formula at every scale. The exact character transform intertwines the transfer and generator on the dense cylinder core and therefore on their closures.,TRUE
330,Primary,7,COVARIANT CONTINUUM FIELD CONSTRUCTION,theorem_unique_reflection_positive_source_measure,UNIQUE REFLECTION POSITIVE SOURCE MEASURE THEOREM,"Prove uniqueness, reflection positivity, clustering, and all-cylinder consistency of the source transfer measure selected by the native generator.",Strict positivity and a single residual contraction make the uniform stationary source measure unique. The transfer quadratic form is a sum of two rational squares and every residual correlation obeys one exact clustering power law.,TRUE
331,Primary,7,COVARIANT CONTINUUM FIELD CONSTRUCTION,theorem_all_correlation_functional_equivalence,ALL CORRELATION FUNCTIONAL EQUIVALENCE THEOREM,"Prove equality of every finite source correlation word and its complete-shadow image, then extend the bounded functional to the completion.","Every finite correlation word is a product of multiplication and transfer operators between an initial measure and the terminal constant state. Transform and inverse-transform factors cancel at every internal boundary, proving equality of all words and their bounded completion.",TRUE
332,Primary,7,COVARIANT CONTINUUM FIELD CONSTRUCTION,theorem_arbitrary_refinement_polynomial_bridge,ARBITRARY REFINEMENT POLYNOMIAL BRIDGE THEOREM,Prove arbitrary-depth cylinder consistency and coefficientwise continuum convergence for every finite rational polynomial field.,"Parent-child cylinder weights close by an algebraic induction at arbitrary depth. The binomial expansion shows that central first- and second-difference errors contain an h-squared factor for every finite rational polynomial degree, while mixed coordinate operators commute.",TRUE
333,Primary,7,COVARIANT CONTINUUM FIELD CONSTRUCTION,theorem_native_dyadic_cylinder_algebra_isomorphism,NATIVE DYADIC CYLINDER ALGEBRA ISOMORPHISM THEOREM,Construct an exact depth-preserving algebra and measure isomorphism between native sixteen-branch cylinders and dyadic boxes in four coordinates.,"Each native sixteen-way digit is bijective with four dyadic bits; Cartesian powers preserve this bijection at every finite depth. Pointwise algebra, refinement prefixes, and uniform cylinder measures are preserved, inducing an inverse-limit cylinder-algebra isomorphism.",TRUE
334,Primary,7,COVARIANT CONTINUUM FIELD CONSTRUCTION,_u905_native_renormalization_flow_theorem,NATIVE RENORMALIZATION FLOW THEOREM,Execute the exact certificate for NATIVE RENORMALIZATION FLOW THEOREM on its generated dependency domain.,The temporal curvature-to-signed ratio generates the scale contraction. Orthogonal fixed and residual projectors prove the exact semigroup and beta law.,TRUE
335,Primary,7,COVARIANT CONTINUUM FIELD CONSTRUCTION,theorem_native_fluctuation_rg_bridge,NATIVE FLUCTUATION RG BRIDGE THEOREM,Derive fluctuation multiplicities from the primitive ledger and join group indices to an exact scale-dependent rational flow.,"The temporal contraction multiplies the native gauge-closure, Weyl-orientation, and scalar-common multiplicities to generate the three fluctuation weights. The resulting group and matter indices drive exact rational scale flows with the strong and weak channels decreasing and the Abelian channel increasing.",TRUE
336,Primary,7,COVARIANT CONTINUUM FIELD CONSTRUCTION,theorem_native_rg_closed_form_induction,NATIVE RG CLOSED FORM INDUCTION THEOREM,Prove the native blocking semigroup and beta increment for every nonnegative scale by exact projector induction.,Orthogonal fixed and residual projectors reduce every blocking power to one closed expression valid at all nonnegative integer scales. The beta increment and every channel coupling product then follow by an exact one-step induction without logarithms or fitted coefficients.,TRUE
337,Primary,7,COVARIANT CONTINUUM FIELD CONSTRUCTION,theorem_native_multichannel_scattering_unitarity,NATIVE MULTICHANNEL SCATTERING UNITARITY THEOREM,Construct a parameter-free rational four-channel Cayley scattering operator from the generated carrier ranks and prove exact unitarity and positive channel probabilities.,"The generated ranks 5, 1, 3, and 8 determine one rational skew interaction without an external coupling value. Its Cayley transform has determinant one, preserves every incoming norm, and acts only on channels whose Green residues are positive.",TRUE
338,Primary,7,COVARIANT CONTINUUM FIELD CONSTRUCTION,theorem_rg_scattering_scale_binding,RG SCATTERING SCALE BINDING THEOREM,Bind the exact native blocking flow to a unitary four-channel scattering family at every nonnegative integer scale without logarithms.,The temporal contraction transports the skew interaction through every integer blocking scale. The Cayley identity proves a unitary scattering operator at every scale without logarithms or fitted parameters.,TRUE
339,Primary,7,COVARIANT CONTINUUM FIELD CONSTRUCTION,theorem_native_scale_momentum_ratio_decoder_uniqueness,NATIVE SCALE MOMENTUM RATIO DECODER UNIQUENESS THEOREM,Derive the unique multiplicative momentum and length ratios from the native blocking contraction.,"The native one-step contraction fixes the inverse-length momentum ratio, and multiplicativity fixes every later depth uniquely. Only one overall dimensional calibration remains external; all interscale ratios are exact and parameter free.",TRUE
340,Primary,7,COVARIANT CONTINUUM FIELD CONSTRUCTION,theorem_native_all_order_resolvent_closure,NATIVE ALL ORDER RESOLVENT CLOSURE THEOREM,Reduce every power and rational resolvent of the native interaction generator to its finite exact operator algebra.,"The interaction generator satisfies its exact characteristic polynomial and every higher power reduces to the finite basis I, A and A squared. Every declared resolvent and Cayley response is therefore a closed rational operator rather than an uncontrolled infinite list of independent terms.",TRUE
341,Primary,7,COVARIANT CONTINUUM FIELD CONSTRUCTION,theorem_native_discrete_scale_flow_identity,NATIVE DISCRETE SCALE FLOW IDENTITY THEOREM,Prove exact finite-difference beta and Cayley-flow identities in the uniquely decoded momentum-ratio coordinate.,The unique momentum-ratio coordinate turns native blocking into an exact finite-difference beta identity. The corresponding Cayley scattering difference is derived as an exact resolvent identity at every native scale.,TRUE
342,Primary,7,COVARIANT CONTINUUM FIELD CONSTRUCTION,theorem_rational_semigroup_tangent_uniqueness,RATIONAL SEMIGROUP TANGENT UNIQUENESS THEOREM,Derive the continuum generator from a formal bivariate polynomial identity.,The scale increment is treated as a formal variable in an exact polynomial identity. The first increment coefficient uniquely gives the continuum generator without logarithms.,TRUE
343,Primary,7,COVARIANT CONTINUUM FIELD CONSTRUCTION,theorem_discrete_continuum_generator_bridge,DISCRETE CONTINUUM GENERATOR BRIDGE THEOREM,Derive the continuum boundary generator from the formal rational tangent identity.,The rational semigroup has an exact difference quotient whose zero-increment tangent is V(x)=-x(1-x). This derives the continuum generator from the discrete source law rather than assuming an independent smooth equation.,TRUE
344,Primary,7,COVARIANT CONTINUUM FIELD CONSTRUCTION,theorem_projective_resolvent_analytic_completion,PROJECTIVE RESOLVENT ANALYTIC COMPLETION THEOREM,Place the bounded projective shadow map in an exact polynomial Cauchy completion on every compact native interior chart.,The unique bounded projective equation is approximated by exact rational polynomials with a closed geometric remainder. This supplies a constructive analytic continuum class beyond finite polynomials without evaluating a logarithm or exponential.,TRUE
345,Primary,7,COVARIANT CONTINUUM FIELD CONSTRUCTION,theorem_admissible_continuum_bilateral_equivalence,ADMISSIBLE CONTINUUM BILATERAL EQUIVALENCE THEOREM,"Close a two-sided source-shadow equivalence on the complete admissible finite-action projective continuum class, including action, variation, gauge quotient, correlations, and metric gravity.","Compatible source families and their completed shadow fields are inverse descriptions on the full declared finite-action projective class, including gauge orbits, action variation, correlations, metric and connection.",TRUE
346,Primary,7,COVARIANT CONTINUUM FIELD CONSTRUCTION,theorem_conditional_standard_model_gr_solution_lift,CONDITIONAL STANDARD MODEL GR SOLUTION LIFT THEOREM,"Prove a universal lift for every continuous gauge-gravity solution satisfying the generated parent-action, finite-action, topology, and completion conditions.","Prove a universal lift for every continuous gauge-gravity solution satisfying the generated parent-action, finite-action, topology, and completion conditions.",TRUE
347,Primary,7,COVARIANT CONTINUUM FIELD CONSTRUCTION,theorem_global_scale_center_classification,GLOBAL SCALE CENTER CLASSIFICATION THEOREM,Classify the complete common unit freedom and prove that the relative four-sector scale data leave exactly one central global scale direction.,All relative four-sector constraints leave exactly one common central scale direction. Boundary exchange fixes the native depth origin and the temporal spectrum fixes the native unit step.,TRUE
348,Primary,7,COVARIANT CONTINUUM FIELD CONSTRUCTION,theorem_single_anchor_unit_decoder_uniqueness,SINGLE TIME ANCHOR UNIT DECODER UNIQUENESS THEOREM,Prove that one external time anchor fixes the sole central unit orbit and determines every generated dimensionful decoder with no second fit parameter.,"Because the residual unit freedom is one-dimensional and the causal dependency graph begins with time, one time anchor fixes every generated length, energy, mass and force representative. A second fitted dimensional parameter is neither needed nor allowed.",TRUE
349,Primary,7,COVARIANT CONTINUUM FIELD CONSTRUCTION,theorem_time_anchor_decoder_priority,TIME ANCHOR DECODER PRIORITY THEOREM,"Prove that time is the unique source node of the generated dimensional decoder and that length, energy, mass and force cannot be independent external anchors.","Time is the only source node of the dimensional decoder. Length follows from the causal speed unit, energy from action divided by time, mass from energy, and force from energy divided by length.",TRUE
350,Primary,7,COVARIANT CONTINUUM FIELD CONSTRUCTION,theorem_sector_resolved_threshold_rg_flow,SECTOR RESOLVED THRESHOLD RG FLOW THEOREM,"Generate distinct electromagnetic, weak, strong, and gravitational scale trajectories with exact native generation thresholds and no logarithm, fitted beta coefficient, or observed coupling value.","The parent-scale ratios are not frozen physical couplings at every energy. Native mass gaps activate the three temporal generations at distinct depth thresholds. The generated field indices then give different electromagnetic, weak, strong, and gravitational scale increments.",TRUE
351,Primary,7,COVARIANT CONTINUUM FIELD CONSTRUCTION,theorem_rg_projective_cross_ratio_scope_and_curve,RG PROJECTIVE CROSS RATIO SCOPE AND CURVE THEOREM,Distinguish the fixed parent-scale projective invariant from the scale-dependent cross-ratio curve generated by sector-resolved running and prove common-compression invariance at every scale.,"The sealed parent cross ratio is a structural invariant under one common projective compression. It is not asserted to equal a fixed measured running coupling. Sector-dependent RG motion instead generates a scale-indexed cross-ratio curve, and each point of that curve remains invariant under a common coordinate compression.",TRUE
352,Primary,7,COVARIANT CONTINUUM FIELD CONSTRUCTION,theorem_rg_horizon_common_compression_generator,RG HORIZON COMMON COMPRESSION GENERATOR THEOREM,Prove that native RG blocking and zero-boundary horizon compression are the same multiplicative residual semigroup under different readout names.,The RG residual and the horizon residual are the same primitive contraction power at every depth. Their difference is the physical readout label: momentum suppression in one channel and boundary-distance compression in another.,TRUE
353,Primary,7,COVARIANT CONTINUUM FIELD CONSTRUCTION,theorem_native_threshold_scheme_covariance,NATIVE THRESHOLD SCHEME COVARIANCE THEOREM,Derive generation-threshold windows and exact covariance under common scale and positive affine inverse-coordinate schemes.,"Native mass ratios determine exact generation-threshold windows without an absolute unit. Common positive unit changes preserve every active set, while positive affine inverse-coordinate schemes conjugate the orbit without changing its ordering or fixed-point content.",TRUE
354,Primary,7,COVARIANT CONTINUUM FIELD CONSTRUCTION,theorem_native_regulator_path_universality,NATIVE REGULATOR PATH UNIVERSALITY THEOREM,Prove a unique continuum fixed projector for every path through the complete native residual-spectrum regulator family.,All six positive permutations of the three residual transfer eigenvalues share one fixed projector and commute on the common character projectors. Every regulator path contracts residual components by at most one half per step and therefore reaches the same orientation-independent limit.,TRUE
355,Primary,7,COVARIANT CONTINUUM FIELD CONSTRUCTION,theorem_native_asymptotic_state,NATIVE ASYMPTOTIC STATE THEOREM,Construct complete orthonormal in and out bases for every native RG scale and prove exact convergence of the interacting Cayley family to the free fixed point.,At every RG scale the Cayley operator maps a complete orthonormal in basis to a complete orthonormal out basis. The exact native contraction drives the interaction to the free fixed point with rational tolerance witnesses and no logarithm.,TRUE
356,Primary,7,COVARIANT CONTINUUM FIELD CONSTRUCTION,theorem_emergent_poincare_internal_factorization,EMERGENT POINCARE INTERNAL FACTORIZATION THEOREM,Construct the rational Poincare algebra and the exact internal S-matrix centralizer on separate tensor factors.,"The rational Lorentz and translation generators act on a kinematic factor, while the exact internal S-matrix centralizer acts on a separate force-channel factor. Their tensor representations commute, both preserve the total scattering operator, and their generator spans form an exact direct sum.",TRUE
357,Primary,7,COVARIANT CONTINUUM FIELD CONSTRUCTION,theorem_coleman_mandula_direct_compatibility,COLEMAN MANDULA DIRECT COMPATIBILITY THEOREM,Meet the bosonic direct-product conclusion on the declared asymptotic class rather than claiming an unproved no-go evasion.,A common native origin does not require nontrivial mixing of emergent spacetime and internal symmetry generators. The declared bosonic asymptotic symmetry satisfies the direct-product conclusion with zero mixed commutators instead of claiming an unproved no-go evasion.,TRUE
358,Primary,7,COVARIANT CONTINUUM FIELD CONSTRUCTION,theorem_native_flux_phase_space_uniqueness,NATIVE FLUX AND PHASE SPACE UNIQUENESS THEOREM,"Derive exact conserved flux and the unique invariant angular phase-space measure on the twelve-direction native orbit, including exchange and unit-gauge cancellation.","Orthogonality fixes current, tensor products fix pair flux, and the signed-permutation group acts transitively on all twelve directions. Transitivity and normalization force the unique angular measure, while amplitude and area gauges cancel from every ratio.",TRUE
359,Primary,7,COVARIANT CONTINUUM FIELD CONSTRUCTION,theorem_differential_scattering_ratio,DIFFERENTIAL SCATTERING RATIO THEOREM,"Tensor the all-scale channel scattering family with the unique native angular measure and derive exact differential cross-section ratios, optical balance, reversal, and RG compatibility.","The all-scale channel probabilities are tensored with the unique native angular measure and carrier multiplicities. Every differential packet is normalized, satisfies optical balance and inverse reversal, and is transported exactly by the RG law.",TRUE
360,Primary,7,COVARIANT CONTINUUM FIELD CONSTRUCTION,theorem_native_observable_algebra,NATIVE OBSERVABLE ALGEBRA THEOREM,Execute the exact certificate for NATIVE OBSERVABLE ALGEBRA THEOREM on its generated dependency domain.,"Generation-gap, sector-response, mixing, scattering-residue, causal-decay, Higgs-curvature, and Lorentz-defect ratios are generated before empirical naming. Every entry is exact, dimensionless, nonnegative where required, and invariant under a common scale multiplier.",TRUE
361,Primary,7,COVARIANT CONTINUUM FIELD CONSTRUCTION,theorem_canonical_shadow_observable_functor,CANONICAL SHADOW OBSERVABLE FUNCTOR THEOREM,Execute the exact certificate for CANONICAL SHADOW OBSERVABLE FUNCTOR THEOREM on its generated dependency domain.,"The complete character map transports the source algebra, generator, gauge morphisms, correlations, metric-curvature data, scattering norm, and native ratios. Agreement on the eighteen generators and continuity make this transport unique on the completed admissible shadow algebra.",TRUE
362,Primary,7,COVARIANT CONTINUUM FIELD CONSTRUCTION,theorem_native_shadow_equation_descent,NATIVE SHADOW EQUATION DESCENT THEOREM,Execute the exact certificate for NATIVE SHADOW EQUATION DESCENT THEOREM on its generated dependency domain.,"Causal balance, parent-action response, gauge transport, metric variation, and transfer evolution are generated in the source theory. Their shadow equations follow by intertwining; no textbook equation or measured coefficient is used as a premise.",TRUE
363,Primary,7,COVARIANT CONTINUUM FIELD CONSTRUCTION,theorem_native_observable_decoder_uniqueness,NATIVE OBSERVABLE DECODER UNIQUENESS THEOREM,Execute the exact certificate for NATIVE OBSERVABLE DECODER UNIQUENESS THEOREM on its generated dependency domain.,"The mass-like gap, response-like coupling, mixing-like overlap, and complete shadow transport are selected in explicit low-degree grammars. Observed particle names and measured constants do not participate in the selection.",TRUE
364,Primary,7,COVARIANT CONTINUUM FIELD CONSTRUCTION,theorem_native_multiratio_blind_capsule,NATIVE MULTIRATIO BLIND CAPSULE THEOREM,Execute the exact certificate for NATIVE MULTIRATIO BLIND CAPSULE THEOREM on its generated dependency domain.,"Every native observable family is serialized into one immutable ratio packet. A mutation in any single family changes the packet digest, preventing isolated post-comparison adjustment.",TRUE
365,Primary,7,COVARIANT CONTINUUM FIELD CONSTRUCTION,theorem_native_target_channel_forcing,NATIVE TARGET CHANNEL FORCING THEOREM,Generate target roles only after the anonymous fingerprints are complete and prove one exact structural assignment to the conventional chiral role schema without using masses or measured rates.,"Only after the anonymous fingerprints are complete is a conventional chiral role schema admitted for comparison. Exhausting all role assignments leaves one structural mapping and the temporal mass ordering forces first, second and third generation target channels.",TRUE
366,Primary,7,COVARIANT CONTINUUM FIELD CONSTRUCTION,theorem_empirical_target_preregistration_contract,EMPIRICAL TARGET PRE REGISTRATION CONTRACT THEOREM,"Freeze ratio-only target channels, conventions, scales, and verdict rules before any external numerical record is admitted.","Labels, ratio definitions, scales, angle bins, evidence tiers and the pass rule are frozen before external numerical data are admitted. Only dimensionless ratios are registered and post-unblinding target changes are forbidden.",TRUE
367,Primary,7,COVARIANT CONTINUUM FIELD CONSTRUCTION,theorem_immutable_comparison_capsule,IMMUTABLE COMPARISON CAPSULE THEOREM,Seal the forced targets and all quantitative native predictions together so that neither labels nor any prediction family can be altered independently after comparison begins.,"Forced targets and mass, branching, width and differential scattering packets are sealed together. Changing any one family changes the digest, preventing isolated post-comparison repair.",TRUE
368,Primary,7,COVARIANT CONTINUUM FIELD CONSTRUCTION,theorem_external_empirical_verdict_gate,EXTERNAL EMPIRICAL VERDICT GATE THEOREM,"Prove a fail-closed empirical gate: the internal theory supplies a sealed comparison capsule, while an absent independent record yields NOT EVALUATED rather than a fabricated pass.",The internal program supplies a complete sealed capsule but cannot manufacture an independent custodian or experiment. With no signed external record the exact verdict is NOT EVALUATED rather than PASS.,TRUE
369,Primary,7,COVARIANT CONTINUUM FIELD CONSTRUCTION,theorem_multiscale_holdout_preregistration_capsule,MULTISCALE HOLDOUT PREREGISTRATION CAPSULE THEOREM,"Seal the new symmetry, scale, threshold, all-order closure, and regulator-universality predictions before external comparison.","The symmetry, momentum-ratio, running, threshold, operator-closure and regulator-universality packets are frozen together before external data are admitted. Changing any one packet changes the digest, so no isolated post-comparison repair is possible.",TRUE
370,Primary,7,COVARIANT CONTINUUM FIELD CONSTRUCTION,theorem_external_universality_verdict_gate,EXTERNAL UNIVERSALITY VERDICT GATE THEOREM,"Fail closed on unrestricted analytic S-matrix, all-order external RG, smooth-regulator universality, and empirical realization.","The native theorem chain closes its own asymptotic, scale and regulator classes but cannot create independent analytic, experimental or software evidence. Without a signed external record the unrestricted universality verdict remains NOT EVALUATED rather than being promoted to an internal pass.",TRUE
371,Primary,7,COVARIANT CONTINUUM FIELD CONSTRUCTION,theorem_external_reality_verdict_firewall,EXTERNAL REALITY VERDICT FIREWALL THEOREM,Execute the exact certificate for EXTERNAL REALITY VERDICT FIREWALL THEOREM on its generated dependency domain.,"The internal proof terminates after generating the decoder, shadow equations, and sealed multifamily ratio packet. Only independent measurement and independently written reproduction can decide whether nature realizes that packet.",TRUE
372,Primary,7,COVARIANT CONTINUUM FIELD CONSTRUCTION,theorem_native_projective_bridge_packet,NATIVE PROJECTIVE BRIDGE PACKET THEOREM,"Join the all-rational Lorentz, three-generation, arbitrary-refinement, RG-induction, and dyadic-cylinder isomorphism theorems.","The all-rational Lorentz identity, temporal generation uniqueness, arbitrary refinement, all-scale RG, and native-dyadic cylinder isomorphism are joined into one bridge certificate. The proved domain is stated exactly as the native and dyadic cylinder-polynomial field algebra, avoiding an unsupported identification with every external smooth quantum field measure.",TRUE
373,Primary,7,COVARIANT CONTINUUM FIELD CONSTRUCTION,_u905_scattering_ratio_theorem,SCATTERING RATIO THEOREM,Execute the exact certificate for SCATTERING RATIO THEOREM on its generated dependency domain.,"Two native scales generate a four-channel Cayley scattering matrix. Unitarity, the optical identity, and normalized transition ratios are exact.",TRUE
374,Primary,7,COVARIANT CONTINUUM FIELD CONSTRUCTION,theorem_blind_ratio_identification_falsification_contract,BLIND RATIO IDENTIFICATION FALSIFICATION CONTRACT THEOREM,Seal a ratio-only signature and prove an exhaustive blind permutation matcher with a negative-control falsification outcome.,"The sealed native ratio signature is matched by exhaustive permutation using ratios only, without an absolute standard value. A one-component negative control is rejected, making the external validation protocol both identifying and falsifiable.",TRUE
375,Primary,7,COVARIANT CONTINUUM FIELD CONSTRUCTION,theorem_ratio_only_observable_protocol_completion,RATIO ONLY OBSERVABLE PROTOCOL COMPLETION THEOREM,Prove that the prospective observable interface is sealed as dimensionless ratios before external comparison and cannot rewrite the internal theory.,The internal theory generates and seals dimensionless ratio packets before external evidence arrives. External comparison may accept or reject the packet but cannot alter the generating equations.,TRUE
376,Primary,7,COVARIANT CONTINUUM FIELD CONSTRUCTION,theorem_source_shadow_completion_bridge,SOURCE SHADOW COMPLETION BRIDGE THEOREM,"Join source selection, projection reconstruction, shadow dynamics, variational pushforward, correlations, gravity, and blind ratio identification.","Source selection, complete projection reconstruction, conjugate dynamics, variational pushforward, correlation reconstruction, metric gravity, and blind ratio identification form one bridge. The bridge replaces the demand that all observed shadows use the same equations with the stronger requirement that they reconstruct and commute with one common source.",TRUE
377,Primary,7,COVARIANT CONTINUUM FIELD CONSTRUCTION,theorem_effective_equation_commuting_diagram_completion,EFFECTIVE EQUATION COMMUTING DIAGRAM COMPLETION THEOREM,Prove that every declared effective equation passes through the same residual middle gate and an explicitly generated companion structure.,"No standard-looking equation is counted merely because its final syntax is familiar. Each of the thirty rows begins at the primitive grammar, crosses the covariant residual middle gate, and receives its incidence, metric, matter, holonomy or shell companion before the effective form is read.",TRUE
378,Narrative,7,COVARIANT CONTINUUM FIELD CONSTRUCTION,prove_compact_gauge_chiral_matter_quantum_gravity,COMPACT GAUGE CHIRAL MATTER QUANTUM GRAVITY CLOSURE,Execute the exact certificate for COMPACT GAUGE CHIRAL MATTER QUANTUM GRAVITY CLOSURE on its generated dependency domain.,This theorem supplies the generated object required by the next causal stage.,TRUE
379,Narrative,7,COVARIANT CONTINUUM FIELD CONSTRUCTION,prove_unit_scale_chiral_content_nonlinear_gravity,UNIT SCALE QUOTIENT CHIRAL CONTENT AND NONLINEAR GRAVITY,Execute the exact certificate for UNIT SCALE QUOTIENT CHIRAL CONTENT AND NONLINEAR GRAVITY on its generated dependency domain.,This theorem supplies the generated object required by the next causal stage.,TRUE
380,Narrative,7,COVARIANT CONTINUUM FIELD CONSTRUCTION,prove_general_metric_measure_identifiability,GENERAL METRIC VARIATION PROJECTIVE MEASURE AND IDENTIFIABILITY,Execute the exact certificate for GENERAL METRIC VARIATION PROJECTIVE MEASURE AND IDENTIFIABILITY on its generated dependency domain.,This theorem supplies the generated object required by the next causal stage.,TRUE
381,Narrative,7,COVARIANT CONTINUUM FIELD CONSTRUCTION,prove_shell_converse_action_quantum_measure,SHELL CONVERSE ACTION EQUIVALENCE AND HIERARCHICAL QUANTUM MEASURE,Execute the exact certificate for SHELL CONVERSE ACTION EQUIVALENCE AND HIERARCHICAL QUANTUM MEASURE on its generated dependency domain.,This theorem supplies the generated object required by the next causal stage.,TRUE
382,Narrative,7,COVARIANT CONTINUUM FIELD CONSTRUCTION,prove_primitive_provenance_action_gauge_invariants,PRIMITIVE PROVENANCE ACTION RATIOS AND GAUGE INVARIANTS,Execute the exact certificate for PRIMITIVE PROVENANCE ACTION RATIOS AND GAUGE INVARIANTS on its generated dependency domain.,This theorem supplies the generated object required by the next causal stage.,TRUE
383,Narrative,7,COVARIANT CONTINUUM FIELD CONSTRUCTION,prove_parent_kernel_renormalization_scattering,PARENT KERNEL RESOLVENT RENORMALIZATION AND SCATTERING,Execute the exact certificate for PARENT KERNEL RESOLVENT RENORMALIZATION AND SCATTERING on its generated dependency domain.,This theorem supplies the generated object required by the next causal stage.,TRUE
384,Narrative,7,COVARIANT CONTINUUM FIELD CONSTRUCTION,prove_connected_gauge_scattering_linearized_gravity,CONNECTED GAUGE COMPLETION SPECTRAL SCATTERING AND LINEARIZED GRAVITY,Execute the exact certificate for CONNECTED GAUGE COMPLETION SPECTRAL SCATTERING AND LINEARIZED GRAVITY on its generated dependency domain.,This theorem supplies the generated object required by the next causal stage.,TRUE
385,Narrative,7,COVARIANT CONTINUUM FIELD CONSTRUCTION,prove_projective_intertwiner_positive_geometry,PROJECTIVE MEASURE INTERTWINER AND POSITIVE QUANTUM GEOMETRY,Execute the exact certificate for PROJECTIVE MEASURE INTERTWINER AND POSITIVE QUANTUM GEOMETRY on its generated dependency domain.,This theorem supplies the generated object required by the next causal stage.,TRUE
386,Narrative,7,COVARIANT CONTINUUM FIELD CONSTRUCTION,prove_curvature_measure_nonlinear_fixed_point,CURVATURE SENSITIVE MEASURE AND NONLINEAR FIXED POINT,Execute the exact certificate for CURVATURE SENSITIVE MEASURE AND NONLINEAR FIXED POINT on its generated dependency domain.,This theorem supplies the generated object required by the next causal stage.,TRUE
387,Narrative,7,COVARIANT CONTINUUM FIELD CONSTRUCTION,prove_trace_class_determinant_topology_measure,TRACE CLASS DETERMINANT AND TOPOLOGY CHANGING MEASURE,Execute the exact certificate for TRACE CLASS DETERMINANT AND TOPOLOGY CHANGING MEASURE on its generated dependency domain.,This theorem supplies the generated object required by the next causal stage.,TRUE
388,Primary,8,RECURSIVE QUANTUM AND GRAVITY,_u862_multi_frontier_advancement_theorem,U862 MULTI FRONTIER ADVANCEMENT THEOREM,Execute the exact certificate for U862 MULTI FRONTIER ADVANCEMENT THEOREM on its generated dependency domain.,This theorem supplies the generated object required by the next causal stage.,TRUE
389,Primary,8,RECURSIVE QUANTUM AND GRAVITY,_u863_final_continuum_quantum_structure_theorem,U863 FINAL CONTINUUM QUANTUM STRUCTURE THEOREM,Execute the exact certificate for U863 FINAL CONTINUUM QUANTUM STRUCTURE THEOREM on its generated dependency domain.,This theorem supplies the generated object required by the next causal stage.,TRUE
390,Primary,8,RECURSIVE QUANTUM AND GRAVITY,_u864_nonlinear_chiral_color_completion_theorem,U864 NONLINEAR CHIRAL COLOR COMPLETION THEOREM,Execute the exact certificate for U864 NONLINEAR CHIRAL COLOR COMPLETION THEOREM on its generated dependency domain.,This theorem supplies the generated object required by the next causal stage.,TRUE
391,Primary,8,RECURSIVE QUANTUM AND GRAVITY,_u865_chiral_quantum_color_geometry_completion_theorem,U865 CHIRAL QUANTUM COLOR GEOMETRY COMPLETION THEOREM,Execute the exact certificate for U865 CHIRAL QUANTUM COLOR GEOMETRY COMPLETION THEOREM on its generated dependency domain.,This theorem supplies the generated object required by the next causal stage.,TRUE
392,Primary,8,RECURSIVE QUANTUM AND GRAVITY,_complete_dependency_ordered_four_force_proof_theorem,FOUR FORCE COMPLETE PROOF,Place the complete native proof in a dependency order readable without hidden jumps.,Place the complete native proof in a dependency order readable without hidden jumps.,TRUE
393,Primary,8,RECURSIVE QUANTUM AND GRAVITY,_u867_quantum_reconstruction_frontier_theorem,U867 QUANTUM RECONSTRUCTION FRONTIER THEOREM,Execute the exact certificate for U867 QUANTUM RECONSTRUCTION FRONTIER THEOREM on its generated dependency domain.,This theorem supplies the generated object required by the next causal stage.,TRUE
394,Primary,8,RECURSIVE QUANTUM AND GRAVITY,_complete_quantum_reconstruction_four_force_proof_theorem,FOUR FORCE COMPLETE PROOF,Execute the exact certificate for FOUR FORCE COMPLETE PROOF on its generated dependency domain.,This theorem supplies the generated object required by the next causal stage.,TRUE
395,Primary,8,RECURSIVE QUANTUM AND GRAVITY,_u868_no_jump_dependency_proof_theorem,FOUR FORCE COMPLETE PROOF,Verify that every displayed conclusion follows from earlier proved inputs without a hidden dependency jump.,Verify that every displayed conclusion follows from earlier proved inputs without a hidden dependency jump.,TRUE
396,Primary,8,RECURSIVE QUANTUM AND GRAVITY,_u869_finite_certificate_nonimplication_theorem,FINITE CERTIFICATE NONIMPLICATION THEOREM,Construct exact pairs that agree on every declared finite certificate but differ on an unrestricted target.,Construct exact pairs that agree on every declared finite certificate but differ on an unrestricted target.,TRUE
397,Primary,8,RECURSIVE QUANTUM AND GRAVITY,_u869_minimal_unrestricted_completion_theorem,MINIMAL UNRESTRICTED COMPLETION THEOREM,Prove the minimal six-condition implication structure for an unrestricted physical completion.,Prove the minimal six-condition implication structure for an unrestricted physical completion.,TRUE
398,Primary,8,RECURSIVE QUANTUM AND GRAVITY,_u869_complete_boundary_ordered_four_force_proof_theorem,FOUR FORCE COMPLETE PROOF,Extend the no-jump proof by one final chapter that separates proved conclusions from independent completion obligations.,Extend the no-jump proof by one final chapter that separates proved conclusions from independent completion obligations.,TRUE
399,Primary,8,RECURSIVE QUANTUM AND GRAVITY,_u870_minimal_cumulative_scale_theorem,MINIMAL CUMULATIVE RECYCLE CONSERVATION THEOREM,Derive variable self-similar scale growth from the full prior structural history while conserving one physical total.,Derive variable self-similar scale growth from the full prior structural history while conserving one physical total.,TRUE
400,Primary,8,RECURSIVE QUANTUM AND GRAVITY,_u870_four_force_recycle_projection_theorem,FOUR FORCE CUMULATIVE RECYCLE PROJECTION THEOREM,"Project one conservative cumulative recycle carrier into signed, transition, locking, and geometric four-force readouts.","Project one conservative cumulative recycle carrier into signed, transition, locking, and geometric four-force readouts.",TRUE
401,Primary,8,RECURSIVE QUANTUM AND GRAVITY,_u870_recursive_unbounded_extension_theorem,CUMULATIVE RECYCLE UNBOUNDED EXTENSION THEOREM,Prove four exact recursive-class extensions from cumulative recycle growth while keeping unrestricted hypotheses separate.,Prove four exact recursive-class extensions from cumulative recycle growth while keeping unrestricted hypotheses separate.,TRUE
402,Primary,8,RECURSIVE QUANTUM AND GRAVITY,_u870_cumulative_recycle_ordered_unification_theorem,FOUR FORCE COMPLETE PROOF,Append the cumulative recycle law to the dependency-ordered four-force proof without converting restricted bridges into unrestricted claims.,Append the cumulative recycle law to the dependency-ordered four-force proof without converting restricted bridges into unrestricted claims.,TRUE
403,Primary,8,RECURSIVE QUANTUM AND GRAVITY,_u871_projective_continuum_amplitude_uniqueness_theorem,PROJECTIVE CONTINUUM AMPLITUDE UNIQUENESS THEOREM,Construct the unique positive nonfactorizing cylinder amplitude functional on the infinite recursive path class.,Construct the unique positive nonfactorizing cylinder amplitude functional on the infinite recursive path class.,TRUE
404,Primary,8,RECURSIVE QUANTUM AND GRAVITY,_u871_su3_direct_limit_uniform_gap_theorem,SU3 DIRECT LIMIT UNIFORM GAP THEOREM,Prove a uniform positive color-Casimir gap on the countable finite-support SU3 direct-limit carrier.,Prove a uniform positive color-Casimir gap on the countable finite-support SU3 direct-limit carrier.,TRUE
405,Primary,8,RECURSIVE QUANTUM AND GRAVITY,_u871_unique_ratio_mixing_decoder_theorem,UNIQUE STRUCTURAL RATIO AND MIXING DECODER THEOREM,Derive a unique scale-covariant ratio and mixing decoder inside the declared structural-signature class.,Derive a unique scale-covariant ratio and mixing decoder inside the declared structural-signature class.,TRUE
406,Primary,8,RECURSIVE QUANTUM AND GRAVITY,_u871_topology_projective_nonlinear_quantum_geometry_theorem,TOPOLOGY PROJECTIVE NONLINEAR QUANTUM GEOMETRY THEOREM,"Combine Pachner invariance, recursive projective conservation, nonlinear classical geometry, and physical graviton cohomology.","Combine Pachner invariance, recursive projective conservation, nonlinear classical geometry, and physical graviton cohomology.",TRUE
407,Primary,8,RECURSIVE QUANTUM AND GRAVITY,_u871_four_frontier_recursive_completion_theorem,FOUR FORCE COMPLETE PROOF,Integrate four exact frontier theorems into the dependency-ordered four-force proof.,Integrate four exact frontier theorems into the dependency-ordered four-force proof.,TRUE
408,Primary,8,RECURSIVE QUANTUM AND GRAVITY,_u872_lsz_cylinder_residue_equivalence_theorem,SPECTRAL CYLINDER RESIDUE EQUIVALENCE THEOREM,"Prove an exact one-to-one moment, resolvent, pole-residue, and unitary-scattering bridge in the declared three-mode class.","Prove an exact one-to-one moment, resolvent, pole-residue, and unitary-scattering bridge in the declared three-mode class.",TRUE
409,Primary,8,RECURSIVE QUANTUM AND GRAVITY,_u872_su3_hilbert_completion_gap_theorem,SU3 HILBERT COMPLETION GAP THEOREM,Extend the exact SU3 Casimir gap from finite support to the declared weighted Hilbert completion by a coercive quadratic-form identity.,Extend the exact SU3 Casimir gap from finite support to the declared weighted Hilbert completion by a coercive quadratic-form identity.,TRUE
410,Primary,8,RECURSIVE QUANTUM AND GRAVITY,_u872_predeclared_ratio_decoder_seal_theorem,PREDECLARED STRUCTURAL RATIO DECODER SEAL THEOREM,"Generate and seal a unique internal ratio, charge, mixing, color, and gravity packet before any external comparison.","Generate and seal a unique internal ratio, charge, mixing, color, and gravity packet before any external comparison.",TRUE
411,Primary,8,RECURSIVE QUANTUM AND GRAVITY,_u872_smooth_lorentzian_refinement_equivalence_theorem,SMOOTH LORENTZIAN COFINAL REFINEMENT THEOREM,Prove exact cofinal PL refinement and smooth polynomial Lorentzian-volume convergence on the declared compact coframe class.,Prove exact cofinal PL refinement and smooth polynomial Lorentzian-volume convergence on the declared compact coframe class.,TRUE
412,Primary,8,RECURSIVE QUANTUM AND GRAVITY,_u872_external_reproduction_and_blind_protocol_theorem,EXTERNAL REPRODUCTION AND BLIND PROTOCOL THEOREM,Create an immutable independent-reproduction and blind-comparison protocol without claiming an external event has occurred.,Create an immutable independent-reproduction and blind-comparison protocol without claiming an external event has occurred.,TRUE
413,Primary,8,RECURSIVE QUANTUM AND GRAVITY,_u872_six_frontier_integrated_theorem,FOUR FORCE COMPLETE PROOF,Integrate four strengthened mathematical bridges and two immutable external protocols into the ordered four-force proof.,Integrate four strengthened mathematical bridges and two immutable external protocols into the ordered four-force proof.,TRUE
414,Primary,8,RECURSIVE QUANTUM AND GRAVITY,_u873_recursive_block_transfer_equivalence_theorem,RECURSIVE BLOCK TRANSFER EQUIVALENCE THEOREM,"Prove exact variable-scale block transfer consistency, positivity, interaction persistence, and a uniform spectral gap.","Prove exact variable-scale block transfer consistency, positivity, interaction persistence, and a uniform spectral gap.",TRUE
415,Primary,8,RECURSIVE QUANTUM AND GRAVITY,_u873_all_particle_cluster_scattering_theorem,ALL PARTICLE CLUSTER SCATTERING THEOREM,Lift an exact rational one-particle scattering family to a norm-preserving tensor carrier and prove cluster factorization.,Lift an exact rational one-particle scattering family to a norm-preserving tensor carrier and prove cluster factorization.,TRUE
416,Primary,8,RECURSIVE QUANTUM AND GRAVITY,_u873_su3_gauge_invariant_network_gap_theorem,SU3 GAUGE INVARIANT NETWORK GAP THEOREM,"Prove a uniform positive gap on an exact gauge-invariant meson, baryon, and glue-network Hilbert completion.","Prove a uniform positive gap on an exact gauge-invariant meson, baryon, and glue-network Hilbert completion.",TRUE
417,Primary,8,RECURSIVE QUANTUM AND GRAVITY,_u873_hierarchical_bound_state_decoder_theorem,HIERARCHICAL BOUND STATE DECODER THEOREM,Generate a unique scale and shell spectral fingerprint from native thresholds and shell capacities without observed inputs.,Generate a unique scale and shell spectral fingerprint from native thresholds and shell capacities without observed inputs.,TRUE
418,Primary,8,RECURSIVE QUANTUM AND GRAVITY,_u873_nonlinear_scale_covariant_gravity_theorem,NONLINEAR SCALE COVARIANT GRAVITY THEOREM,Prove an exact nonlinear Einstein-Maxwell recursive scaling family with invariant dimensionless geometry and conserved integrated burden.,Prove an exact nonlinear Einstein-Maxwell recursive scaling family with invariant dimensionless geometry and conserved integrated burden.,TRUE
419,Primary,8,RECURSIVE QUANTUM AND GRAVITY,_x893_nonlinear_gravity_blackhole_cosmology_theorem,NONLINEAR GRAVITY BLACK HOLE COSMOLOGY THEOREM,"Combine exact nonlinear vacuum, charged spherical, anisotropic, cosmological, constraint, and inverse-limit gravity families.","The gravity sector is tested on exact nonlinear families rather than only on a linearized shadow: charged spherical horizons, Ricci-flat Schwarzschild limit, rational Kasner vacuum, perfect-fluid FLRW evolution, Lorentzian constraint propagation, and the two-polarization inverse-limit action.",TRUE
420,Primary,8,RECURSIVE QUANTUM AND GRAVITY,theorem_source_generated_metric_gravity_covariance,SOURCE GENERATED METRIC GRAVITY COVARIANCE THEOREM,Generate a metric from a source coframe using the generated Lorentz signature class and prove exact covariance.,The metric is a Gram shadow of the source coframe and is invariant under exact source-frame transformations. Coordinate congruence preserves scalar curvature and density weight while the native Palatini selector and nonlinear metric variation supply the gravitational dynamics.,TRUE
421,Primary,8,RECURSIVE QUANTUM AND GRAVITY,theorem_dimension_flux_potential_hierarchy,DIMENSION FLUX POTENTIAL HIERARCHY THEOREM,"Derive inverse-power shell ratios from generated rank, derived mass signatures and fixed-flux action minimization.","One conserved radial flux produces a field proportional to the reciprocal shell measure r^(d-1). The two-dimensional primitive belongs to the logarithmic class, while generated three-dimensional space gives inverse-radius potential and inverse-square field.",TRUE
422,Primary,8,RECURSIVE QUANTUM AND GRAVITY,theorem_dimension_green_family_bridge,DIMENSION GREEN FAMILY BRIDGE THEOREM,Derive the logarithmic two-dimensional and inverse-power three-dimensional Green families from one conserved radial flux law.,One conserved radial flux gives dimension-dependent fields through the shell measure r^(d-1). The two-dimensional additive-depth potential and the three-dimensional inverse-radius potential are therefore one Green-family law.,TRUE
423,Primary,8,RECURSIVE QUANTUM AND GRAVITY,theorem_primitive_mass_valuation_universality,PRIMITIVE MASS VALUATION UNIVERSALITY THEOREM,Derive the common inertial-source coefficient from finite additivity and generated parent-action coefficients.,"A composite body is a finite disjoint union of occupied primitive seats, so one normalized additive valuation fixes its mass ratio. Because one parent matter action is extensive over those same seats, kinetic and source-coupling terms receive one common coefficient rather than two fitted masses.",TRUE
424,Primary,8,RECURSIVE QUANTUM AND GRAVITY,theorem_newton_equivalence_ratio,NEWTON EQUIVALENCE RATIO THEOREM,Derive test-body-independent acceleration from the additive one-parent worldline action.,"The common gravity-sector response multiplies source and test mass and is diluted by the generated three-dimensional shell measure. Dividing force by the same native inertial mass cancels the test body exactly, leaving universal acceleration ratios.",TRUE
425,Primary,8,RECURSIVE QUANTUM AND GRAVITY,theorem_horizon_zero_boundary_conjugacy,HORIZON ZERO BOUNDARY CONJUGACY THEOREM,Prove that a regular unit-depth source orbit is compressed toward the zero shadow boundary while the inverse additive depth remains unbounded.,"A regular source depth produces a residual that contracts by an exact primitive ratio and a bounded coordinate that approaches zero. The finite shadow boundary and the unbounded additive depth are inverse descriptions of the same orbit, not separate source laws.",TRUE
426,Primary,8,RECURSIVE QUANTUM AND GRAVITY,theorem_horizon_boundary_rate_ratio,HORIZON BOUNDARY RATE RATIO THEOREM,Derive a unique dimensionless near-zero boundary rate and its gravity-sector weighting without an absolute surface-gravity calibration.,The zero-boundary generator has a unique unit-normalized inward rate in the boundary limit and a primitive one-step contraction ratio. The gravity-sector coefficient weights this rate while no absolute surface-gravity unit is inserted.,TRUE
427,Primary,8,RECURSIVE QUANTUM AND GRAVITY,theorem_native_boundary_entropy_area_depth,NATIVE BOUNDARY ENTROPY AREA DEPTH THEOREM,Derive an additive boundary-information depth from multiplicative native microstate counts on the generated shell seats.,Independent native boundary seats multiply hidden state counts. The additive base-depth decoder converts this product into an information quantity exactly proportional to boundary seat number.,TRUE
428,Primary,8,RECURSIVE QUANTUM AND GRAVITY,theorem_source_shadow_information_conservation,SOURCE SHADOW INFORMATION CONSERVATION THEOREM,Prove exact visible-hidden information balance for every partition of the eighteen-state source carrier.,"Visible and hidden fibers multiply to the full source count for every partition of the eighteen-state carrier. Projection may hide information from one shadow algebra, but the complete source-shadow reconstruction does not destroy it.",TRUE
429,Primary,8,RECURSIVE QUANTUM AND GRAVITY,theorem_projection_singularity_classifier,PROJECTION SINGULARITY CLASSIFIER THEOREM,Separate inverse-decoder divergence caused by a bounded projection from divergence of source invariants.,"The forward projection generator remains finite and vanishes at the boundary, while its inverse decoder Jacobian grows without bound along the exact orbit. Constant source trace and determinant classify this as a projection-coordinate singularity; a genuine source singularity requires source-invariant failure.",TRUE
430,Primary,8,RECURSIVE QUANTUM AND GRAVITY,theorem_depth_coframe_lorentz_metric_completion,DEPTH COFRAME LORENTZ METRIC COMPLETION THEOREM,Use the invariant depth one-forms as a canonical coframe and recover the generated Lorentz metric under projective shadow changes.,One temporal and three residual depth one-forms form a canonical coframe. Their Lorentz Gram tensor is unchanged when each bounded shadow axis is projectively compressed.,TRUE
431,Primary,8,RECURSIVE QUANTUM AND GRAVITY,theorem_exact_nonlinear_covariant_bianchi_lift,EXACT NONLINEAR COVARIANT BIANCHI LIFT THEOREM,Compute an exact nonconstant four-dimensional metric from a variable coframe and prove that its full Einstein tensor has zero covariant divergence through cancellation of the ordinary-divergence and connection terms.,"A variable temporal-depth coframe produces a nonconstant metric, a nonzero Levi-Civita connection, nonzero Ricci curvature and a full nonlinear Einstein tensor. Its ordinary divergence is balanced exactly by the connection correction, leaving the covariant divergence identically zero.",TRUE
432,Primary,8,RECURSIVE QUANTUM AND GRAVITY,theorem_dynamic_coframe_carrier_nonlinear_compatibility,DYNAMIC COFRAME CARRIER NONLINEAR COMPATIBILITY THEOREM,Prove that the fixed finite carrier supplies fiber incidence and sector projectors while the coframe coefficients vary over the generated base and create nonzero nonlinear curvature.,"The eighteen-state grammar and JS incidence determine the finite fiber and its five-one-three-eight sector decomposition. The coframe is a field over the generated base; its coefficients vary, its metric determinant changes, and its curvature is nonzero while the internal carrier dimensions remain exact.",TRUE
433,Primary,8,RECURSIVE QUANTUM AND GRAVITY,theorem_local_scale_connection_curvature_completion,LOCAL SCALE CONNECTION CURVATURE COMPLETION THEOREM,Separate the central global unit shift from local sector-changing compression and derive a nonzero exact internal curvature from one operator.,A common central scale shift commutes with every sector and is therefore a flat unit change. Local changes that conjugate the sector compression operator fail to commute and create a nonzero exact curvature.,TRUE
434,Primary,8,RECURSIVE QUANTUM AND GRAVITY,theorem_temporal_compression_gravity_origin,TEMPORAL COMPRESSION GRAVITY ORIGIN THEOREM,"Generate the spherical gravity readout from a spatially nonuniform temporal-depth compression and prove its inverse-square flux, metric lapse and probe-independent acceleration ratios.","A spatially varying temporal-depth compression changes the lapse coframe, creates a Lorentz metric response, conserves radial flux, and gives probe-independent acceleration ratios.",TRUE
435,Primary,8,RECURSIVE QUANTUM AND GRAVITY,theorem_temporal_second_residual_scale_uniqueness,TEMPORAL SECOND RESIDUAL SCALE UNIQUENESS THEOREM,Derive the polynomial one plus temporal depth plus temporal depth squared as the unique normalized scale in the generated second-residual class.,"The local scale contains the unchanged source, one direct temporal residual and one residual-of-residual. These are the complete independent orders before the generated spatial coframe is formed. Unit normalization of the three generated orders fixes the scale polynomial without a coefficient fit.",TRUE
436,Primary,8,RECURSIVE QUANTUM AND GRAVITY,theorem_temporal_scale_edge_ratio_uniqueness,TEMPORAL SCALE EDGE RATIO UNIQUENESS THEOREM,"Derive the target-over-source temporal scale ratio as the unique typed monomial edge compression compatible with identity, common-scale invariance, orientation, and path composition.","An edge compares two locally generated clock scales. Common unit changes must cancel, reversing the edge must invert the factor, and path factors must compose. Inside the typed endpoint-monomial class these requirements uniquely give target scale divided by source scale.",TRUE
437,Primary,8,RECURSIVE QUANTUM AND GRAVITY,theorem_log_free_gravity_residual_correlation,LOG FREE GRAVITY RESIDUAL CORRELATION THEOREM,"Derive one finite, exact, logarithm-free gravitational residual correlation equation from the generated temporal scale and the gravity projector.",Gravity is correlated by finite clock-compression ratios rather than by a logarithm. The source and target residuals cross-multiply with their generated temporal scales; a local gravitational frame transport may rotate the five-component metric response without changing the correlation invariant.,TRUE
438,Primary,8,RECURSIVE QUANTUM AND GRAVITY,theorem_log_free_gravity_connection_limit,LOG FREE GRAVITY CONNECTION LIMIT THEOREM,Recover the finite-ratio gravitational connection dN/N and its covariant residual derivative as the exact first-order coefficient of the logarithm-free correlation equation.,The one-form dN/N is not introduced by evaluating a logarithm. It is the exact first-order coefficient of the finite ratio N(q)/N(p). The covariant residual derivative equals the frame commutator plus this finite-ratio scale rate times the residual.,TRUE
439,Primary,8,RECURSIVE QUANTUM AND GRAVITY,theorem_log_free_gravity_finite_difference_identity,LOG FREE GRAVITY FINITE DIFFERENCE IDENTITY THEOREM,Derive the gravitational covariant scale-rate equation as an exact finite-difference identity before taking any continuum interpretation.,"Before a differential symbol is introduced, the finite gravitational edge already satisfies an exact quotient identity. The transported residual changes by the target-over-source clock ratio, and division by the finite scale increment gives the exact coefficient R divided by N. The continuum dN/N form is only the local notation for this finite identity.",TRUE
440,Primary,8,RECURSIVE QUANTUM AND GRAVITY,theorem_finite_gravity_metric_bridge_completion,FINITE GRAVITY METRIC BRIDGE COMPLETION THEOREM,"Close the finite gravity ratio, local coefficient, temporal coframe, nonlinear metric curvature, and exact Bianchi chain without evaluating a logarithm.","The primitive gravitational statement is the finite target-over-source temporal-scale ratio. Its local coefficient changes the temporal coframe; the coframe generates a nonconstant Lorentz metric, curvature and an exact covariant Bianchi identity. No evaluated logarithm is required.",TRUE
441,Primary,8,RECURSIVE QUANTUM AND GRAVITY,theorem_residual_consistency_functional_separation,RESIDUAL CONSISTENCY FUNCTIONAL SEPARATION THEOREM,Prove that the nonnegative residual defect functional is only an equation-consistency certificate and that the unique physical variational action remains the parent curvature-matter action.,"The squared residual defect answers only whether a proposed edge state satisfies the kinematic middle equation. It is not varied to create an additional force. The sole physical action is the parent curvature-matter action, whose one variation yields the four field equations and the matter equation.",TRUE
442,Primary,8,RECURSIVE QUANTUM AND GRAVITY,theorem_parent_action_variation_coefficient_decomposition,PARENT ACTION VARIATION COEFFICIENT DECOMPOSITION THEOREM,Expand the positive parent quadratic curvature response under an exact rational variation and prove coefficient-by-coefficient decomposition into the four orthogonal sector equations.,"Insert F plus epsilon H into the positive parent curvature response and collect the exact constant, linear and quadratic coefficients. Orthogonal projector products remove every cross-sector term. The parent linear coefficient is exactly the sum of the four sector linear coefficients, so one parent Euler-Lagrange equation is equivalent to its four projected field equations.",TRUE
443,Primary,8,RECURSIVE QUANTUM AND GRAVITY,theorem_single_parent_action_no_fifth_force_completion,SINGLE PARENT ACTION NO FIFTH FORCE COMPLETION THEOREM,"Prove that residual consistency is a certificate, not a second physical action, and that one variation gives the four field projections and matter equation.","The nonnegative residual consistency functional tests whether the middle equation holds and is never varied as a fifth interaction. The sole physical parent action has one variation whose orthogonal projections yield the four field equations, with an independent matter variation.",TRUE
444,Primary,8,RECURSIVE QUANTUM AND GRAVITY,theorem_covariant_residual_curvature_descent,COVARIANT RESIDUAL CURVATURE DESCENT THEOREM,"Join finite residual holonomy, local temporal compression, Abelian phase curvature, compact non-Abelian curvature, and nonlinear metric curvature into one parent-curvature descent.","The master residual equation separates force roles without separating their source law. Compression eigenvalues encode finite temporal or internal burden, transports encode local frames, and the closed-path defect is the common curvature object used by the parent action.",TRUE
445,Primary,8,RECURSIVE QUANTUM AND GRAVITY,theorem_covariant_residual_parent_action_bridge,COVARIANT RESIDUAL PARENT ACTION BRIDGE THEOREM,Place the covariant residual field equation immediately before the single parent curvature action and prove its exact zero-defect variational bridge.,"The residual field equation is the kinematic middle gate between temporal-dimensional genesis and the parent action. Its nonnegative consistency functional vanishes on the generated transport and becomes positive under a one-entry mutation. This functional is not a second physical action. The same transport supplies the parent curvature, and one parent variation supplies the four field equations and matter equation.",TRUE
446,Primary,8,RECURSIVE QUANTUM AND GRAVITY,theorem_gravity_temporal_role_uniqueness,GRAVITY TEMPORAL ROLE UNIQUENESS THEOREM,"Prove that only the generated five-component spin-two sector acts universally on the temporal-depth coframe and metric, while the one-, three- and eight-component sectors remain internal gauge curvatures.","Only the five-component spin-two role changes the universal temporal-depth coframe and metric. The one-, three- and eight-component roles act on internal gauge carriers.",TRUE
447,Primary,8,RECURSIVE QUANTUM AND GRAVITY,theorem_nonlinear_parent_mode_local_wellposedness,NONLINEAR PARENT MODE LOCAL WELLPOSEDNESS THEOREM,"Construct a nonlinear constrained four-sector parent mode, prove exact energy dissipation and constraint propagation, and give a uniform rational contraction interval for every native refinement level.","The generated parent Hessian and a zero-sum skew transport define a nonlinear constrained mode. The common constraint propagates exactly, the parent energy decreases by the fourth-power residual burden, and one rational Banach interval gives existence and uniqueness uniformly through every declared refinement level.",TRUE
448,Primary,8,RECURSIVE QUANTUM AND GRAVITY,theorem_nonlinear_parent_lattice_global_energy,NONLINEAR PARENT LATTICE GLOBAL ENERGY THEOREM,"Construct the constrained nonlinear parent field on every finite periodic relation lattice, prove exact energy decay, constraint propagation and a coercive continuation bound.","On every finite periodic relation lattice the parent field follows the projected gradient of a positive edge-plus-quartic energy. The local zero-sum constraint propagates, the energy derivative is minus the exact projected-gradient norm, and the quartic term gives a coercive continuation bound.",TRUE
449,Primary,8,RECURSIVE QUANTUM AND GRAVITY,theorem_nonlinear_gravity_parent_field_completion,NONLINEAR GRAVITY PARENT FIELD COMPLETION THEOREM,"Join the exact nonlinear metric, covariant Bianchi balance, variable coframe, nonlinear parent lattice, exact black-hole and cosmological families, parent variation and sector-resolved running into one dependency-ordered field theorem.","The temporal-depth coframe is lifted to a full variable metric with exact nonlinear curvature and covariant Bianchi balance. The same generated carrier supports a constrained nonlinear parent field, one parent variation, exact gravitational solution families and sector-resolved scale flow.",TRUE
450,Primary,8,RECURSIVE QUANTUM AND GRAVITY,theorem_su3_center_flux_area_law_completion,SU3 CENTER FLUX AREA LAW COMPLETION THEOREM,Combine the generated uniform color gap and positive flux-tube coercivity into an exact rectangular area-law transfer family on the declared gauge-invariant center-flux system.,"The uniform singlet gap prevents arbitrarily soft colored excitations, while the positive flux-tube coercivity supplies one transfer penalty for every enclosed center-flux plaquette. Rectangular loop amplitudes therefore multiply by area rather than perimeter in the declared native lattice class.",TRUE
451,Primary,8,RECURSIVE QUANTUM AND GRAVITY,_e897_gravitational_projection_metric_light_path_theorem,GRAVITATIONAL PROJECTION METRIC LIGHT PATH THEOREM,Show exactly that a closure-burden-dependent effective metric changes light-candidate travel time and geodesic readout on a fixed native graph.,"A total closure burden can alter the effective metric decoder while the native adjacency graph remains fixed. The minimum-cost causal path and arrival time then change, which is the exact structural content required before comparing with gravitational delay or lensing.",TRUE
452,Primary,8,RECURSIVE QUANTUM AND GRAVITY,_u873_five_frontier_integrated_theorem,FOUR FORCE COMPLETE PROOF,Integrate five independently registered theorem roots into the ordered four-force dependency chain.,Integrate five independently registered theorem roots into the ordered four-force dependency chain.,TRUE
453,Primary,8,RECURSIVE QUANTUM AND GRAVITY,_u874_interacting_fock_scattering_theorem,INTERACTING FINITE FOCK SCATTERING THEOREM,Construct exact norm-preserving interacting circuits for every finite particle number and prove separated-cluster factorization.,Construct exact norm-preserving interacting circuits for every finite particle number and prove separated-cluster factorization.,TRUE
454,Primary,8,RECURSIVE QUANTUM AND GRAVITY,_u874_su3_flux_tube_coercivity_theorem,SU3 FLUX TUBE COERCIVITY THEOREM,Prove a uniform gauge-invariant flux-tube coercive gap on the recursive direct-limit carrier and its square-summable completion.,Prove a uniform gauge-invariant flux-tube coercive gap on the recursive direct-limit carrier and its square-summable completion.,TRUE
455,Primary,8,RECURSIVE QUANTUM AND GRAVITY,_u874_ratio_transport_uniqueness_theorem,RATIO TRANSPORT UNIQUENESS THEOREM,Prove that the complete internal generation-shell ratio graph is scale invariant and has only the identity structure-preserving decoder.,Prove that the complete internal generation-shell ratio graph is scale invariant and has only the identity structure-preserving decoder.,TRUE
456,Primary,8,RECURSIVE QUANTUM AND GRAVITY,_u874_lorentzian_constraint_propagation_theorem,LORENTZIAN CONSTRAINT PROPAGATION THEOREM,Prove exact nonlinear-scale Lorentzian constraint propagation by a rational canonical boost across every recursive level.,Prove exact nonlinear-scale Lorentzian constraint propagation by a rational canonical boost across every recursive level.,TRUE
457,Primary,8,RECURSIVE QUANTUM AND GRAVITY,_u874_conserved_growth_four_force_limit_theorem,CONSERVED GROWTH FOUR FORCE LIMIT THEOREM,Prove by exact recurrence that structural support grows while the parent four-force total and every projected sector total remain conserved at every recursive depth.,Prove by exact recurrence that structural support grows while the parent four-force total and every projected sector total remain conserved at every recursive depth.,TRUE
458,Primary,8,RECURSIVE QUANTUM AND GRAVITY,_u874_five_frontier_completion_theorem,FOUR FORCE COMPLETE PROOF,Place five new exact roots after the preceding proof chain and separate their native completion from unrestricted empirical equivalence.,Place five new exact roots after the preceding proof chain and separate their native completion from unrestricted empirical equivalence.,TRUE
459,Primary,8,RECURSIVE QUANTUM AND GRAVITY,_u875_crossing_unitary_scattering_theorem,CROSSING UNITARY SCATTERING THEOREM,"Construct an exact rational multichannel scattering family with crossing symmetry, optical consistency, and reversible Cayley reconstruction at every recursive scale.","Construct an exact rational multichannel scattering family with crossing symmetry, optical consistency, and reversible Cayley reconstruction at every recursive scale.",TRUE
460,Primary,8,RECURSIVE QUANTUM AND GRAVITY,_u875_su3_center_graph_gap_theorem,SU3 CENTER GRAPH GAP THEOREM,Prove a graph-size-independent positive gap for every nonzero divergence-free SU3 center-triality flux on an arbitrary finite simple graph.,Prove a graph-size-independent positive gap for every nonzero divergence-free SU3 center-triality flux on an arbitrary finite simple graph.,TRUE
461,Primary,8,RECURSIVE QUANTUM AND GRAVITY,_u875_leave_one_out_ratio_prediction_theorem,LEAVE ONE OUT RATIO PREDICTION THEOREM,"Prove that every internal generation-shell state is uniquely recovered after its row is withheld, using only dimensionless relations to the remaining states.","Prove that every internal generation-shell state is uniquely recovered after its row is withheld, using only dimensionless relations to the remaining states.",TRUE
462,Primary,8,RECURSIVE QUANTUM AND GRAVITY,_u875_two_polarization_projective_field_theorem,TWO POLARIZATION PROJECTIVE FIELD THEOREM,"Construct a normalized projective continuum field with exact martingale consistency, rational variance control, and two positive physical graviton polarizations over a nonlinear recursive background.","Construct a normalized projective continuum field with exact martingale consistency, rational variance control, and two positive physical graviton polarizations over a nonlinear recursive background.",TRUE
463,Primary,8,RECURSIVE QUANTUM AND GRAVITY,_u875_recursive_continuum_fixed_point_theorem,RECURSIVE CONTINUUM FIXED POINT THEOREM,Prove exact convergence of the interacting block-transfer hierarchy to its unique vacuum projector while preserving nonfactorization at every finite scale.,Prove exact convergence of the interacting block-transfer hierarchy to its unique vacuum projector while preserving nonfactorization at every finite scale.,TRUE
464,Primary,8,RECURSIVE QUANTUM AND GRAVITY,_u875_five_frontier_strengthening_theorem,FIVE FRONTIER STRENGTHENING THEOREM,Register five new exact frontier theorems after the complete conserved-growth parent proof and preserve the separation between exact native closure and unrestricted external completion.,Register five new exact frontier theorems after the complete conserved-growth parent proof and preserve the separation between exact native closure and unrestricted external completion.,TRUE
465,Primary,8,RECURSIVE QUANTUM AND GRAVITY,theorem_holonomy_parent_curvature_completion,HOLONOMY PARENT CURVATURE COMPLETION THEOREM,Prove the coefficientwise descent from exact plaquette transport to parent curvature and the sole physical parent action.,"The constant plaquette coefficient is the identity, the linear coefficient cancels, and the quadratic coefficient is the generator commutator. Link variation supplies the exterior-difference term, producing one parent curvature that enters one parent action.",TRUE
466,Primary,9,GLOBAL CLOSURE AND SINGLE PROOF,_global_target_web_theorem,GLOBAL TARGET WEB THEOREM,Execute the exact certificate for GLOBAL TARGET WEB THEOREM on its generated dependency domain.,This theorem supplies the generated object required by the next causal stage.,TRUE
467,Primary,9,GLOBAL CLOSURE AND SINGLE PROOF,_domain_consistency_theorem,DOMAIN CONSISTENCY THEOREM,Execute the exact certificate for DOMAIN CONSISTENCY THEOREM on its generated dependency domain.,This theorem supplies the generated object required by the next causal stage.,TRUE
468,Primary,9,GLOBAL CLOSURE AND SINGLE PROOF,_global_clause_dependency_theorem,GLOBAL CLAUSE DEPENDENCY THEOREM,Execute the exact certificate for GLOBAL CLAUSE DEPENDENCY THEOREM on its generated dependency domain.,This theorem supplies the generated object required by the next causal stage.,TRUE
469,Primary,9,GLOBAL CLOSURE AND SINGLE PROOF,_structure_filter_reconstruction_theorem,STRUCTURE FILTER RECONSTRUCTION THEOREM,Execute the exact certificate for STRUCTURE FILTER RECONSTRUCTION THEOREM on its generated dependency domain.,This theorem supplies the generated object required by the next causal stage.,TRUE
470,Primary,9,GLOBAL CLOSURE AND SINGLE PROOF,_universal_descent_refinement_completion_theorem,UNIVERSAL DESCENT REFINEMENT COMPLETION THEOREM,Execute the exact certificate for UNIVERSAL DESCENT REFINEMENT COMPLETION THEOREM on its generated dependency domain.,This theorem supplies the generated object required by the next causal stage.,TRUE
471,Primary,9,GLOBAL CLOSURE AND SINGLE PROOF,_universal_selector_obstruction_theorem,UNIVERSAL SELECTOR OBSTRUCTION THEOREM,Execute the exact certificate for UNIVERSAL SELECTOR OBSTRUCTION THEOREM on its generated dependency domain.,This theorem supplies the generated object required by the next causal stage.,TRUE
472,Primary,9,GLOBAL CLOSURE AND SINGLE PROOF,_master_frontier_completion_theorem,MASTER FRONTIER COMPLETION THEOREM,Execute the exact certificate for MASTER FRONTIER COMPLETION THEOREM on its generated dependency domain.,This theorem supplies the generated object required by the next causal stage.,TRUE
473,Primary,9,GLOBAL CLOSURE AND SINGLE PROOF,_final_field_frontier_theorem,FINAL FIELD FRONTIER THEOREM,Execute the exact certificate for FINAL FIELD FRONTIER THEOREM on its generated dependency domain.,This theorem supplies the generated object required by the next causal stage.,TRUE
474,Primary,9,GLOBAL CLOSURE AND SINGLE PROOF,_ultimate_unification_frontier_theorem,ULTIMATE UNIFICATION FRONTIER THEOREM,Execute the exact certificate for ULTIMATE UNIFICATION FRONTIER THEOREM on its generated dependency domain.,This theorem supplies the generated object required by the next causal stage.,TRUE
475,Primary,9,GLOBAL CLOSURE AND SINGLE PROOF,_complete_bridge_frontier_theorem,COMPLETE BRIDGE FRONTIER THEOREM,Execute the exact certificate for COMPLETE BRIDGE FRONTIER THEOREM on its generated dependency domain.,This theorem supplies the generated object required by the next causal stage.,TRUE
476,Primary,9,GLOBAL CLOSURE AND SINGLE PROOF,_origin_nested_residual_completion_theorem,ORIGIN NESTED RESIDUAL COMPLETION THEOREM,"Integrate time residuals, nested signs, deterministic readout, twelve JS signatures, the one-hundred-forty-four board, the sixteen-state carrier, generation separation, and the parent force action.","Integrate time residuals, nested signs, deterministic readout, twelve JS signatures, the one-hundred-forty-four board, the sixteen-state carrier, generation separation, and the parent force action.",TRUE
477,Primary,9,GLOBAL CLOSURE AND SINGLE PROOF,_x893_dual_implementation_reproduction_theorem,DUAL IMPLEMENTATION REPRODUCTION THEOREM,Recompute the core counts by direct enumeration and by an independent factorized algorithm.,The core numbers are recomputed by two algorithmically different methods: exhaustive enumeration and factorized local counting. Agreement is checked before any external comparison.,TRUE
478,Primary,9,GLOBAL CLOSURE AND SINGLE PROOF,_fractal_reader_exposition_completion_theorem,FRACTAL READER EXPOSITION COMPLETION THEOREM,Verify that the multiscale conceptual chain is both computed and explained before its dependent proof roots execute.,"Mathematical motivation and derivation direction are stated beside the exact proof that uses them, so every theorem is readable from its declared premises and calculations.",TRUE
479,Primary,9,GLOBAL CLOSURE AND SINGLE PROOF,_e895_native_effective_reader_exposition_theorem,NATIVE EFFECTIVE READER EXPOSITION THEOREM,Preserve the full conceptual reason for the native-to-effective derivation beside the mathematical certificates that implement it.,"The explanatory chain states every mathematically relevant reason, distinction, admissible example and derivation direction before the dependent proof.",TRUE
480,Primary,9,GLOBAL CLOSURE AND SINGLE PROOF,_e896_complete_concept_exposition_theorem,COMPLETE CONCEPT EXPOSITION THEOREM,"Preserve every mathematically relevant concept from the structured-zero, fractal, role, generalized-shadow, and native-first discussions immediately beside the completed proof chain.","Every mathematically relevant reason, admissible example, generation step and interpretation is stated before the dependent certificate.",TRUE
481,Primary,9,GLOBAL CLOSURE AND SINGLE PROOF,_e897_complete_world_light_reader_exposition_theorem,COMPLETE WORLD LIGHT READER EXPOSITION THEOREM,Verify complete standalone exposition for the three-dimensional-world projection and light-role chain.,The three-dimensional-world and light construction is stated as a sequence of generated geometric and causal propositions before its proof certificates.,TRUE
482,Primary,9,GLOBAL CLOSURE AND SINGLE PROOF,_e898_complete_hierarchy_reader_exposition_theorem,COMPLETE HIERARCHY READER EXPOSITION THEOREM,Verify complete premise-before-proof exposition for the native-world-standard-observation hierarchy.,"Every hierarchy premise is explained before its calculation, and the output records the motivation, exact result and dependency needed for independent reading.",TRUE
483,Primary,9,GLOBAL CLOSURE AND SINGLE PROOF,_dynamical_closure_reader_exposition_theorem,DYNAMICAL CLOSURE READER EXPOSITION THEOREM,"Preserve the complete reader-facing explanation of static agreement, trajectory agreement, closure, memory, and reverse reconstruction.","Every conceptual step needed to follow the universal dynamical rule is stated before the mathematical certificates, together with its assumptions and consequences.",TRUE
484,Primary,9,GLOBAL CLOSURE AND SINGLE PROOF,_nonlinear_continuous_reader_exposition_theorem,NONLINEAR CONTINUOUS READER EXPOSITION THEOREM,"Verify premise-before-proof exposition for every nonlinear, continuous, trajectory, framework, and decoder theorem.","Every new premise is explained before its exact calculation: nonlinear factorization, continuous generator flow, observable completion, JS-SH recurrence, nonlinear force coupling, standard-equation trajectory classes, candidate-framework overlap, and semantic blind decoding.",TRUE
485,Primary,9,GLOBAL CLOSURE AND SINGLE PROOF,_e895_native_to_effective_physics_completion_theorem,NATIVE TO EFFECTIVE PHYSICS COMPLETION THEOREM,Complete the native-first generation of effective physics and its bounded connection to existing equation families.,"All available native proof material is used in one direction: origin first, effective physics second. The effective layer is generated, not fitted, and structural agreement with existing theories is evaluated only after the native prediction packet has been sealed.",TRUE
486,Primary,9,GLOBAL CLOSURE AND SINGLE PROOF,_e896_blind_ratio_reproduction_package_theorem,BLIND RATIO REPRODUCTION PACKAGE THEOREM,Create a fail-closed blind-comparison and independent-reproduction package whose internal components are complete while external signatures remain impossible to fabricate in-file.,"The program completes everything it can control: source identity, frozen native prediction, equation dictionary, two internal algorithms, and a no-fitting scoring rule. Hidden data and third-party identity remain externally signed fields and therefore fail closed rather than being falsely marked complete.",TRUE
487,Primary,9,GLOBAL CLOSURE AND SINGLE PROOF,_e896_complete_native_effective_unification_theorem,COMPLETE NATIVE EFFECTIVE UNIFICATION THEOREM,"Conjoin the complete symbolic continuum, scale quotient, role, operator, equation dictionary, exposition, and fail-closed external package into one native-first unification theorem.","The complete in-file result now runs from structured zero through fractal rebasing, three-coordinate continuum decoding, temporal causality, one-plus-seventeen coarse graining, native quotient dynamics, role-dependent projection, one operator grammar, thirty effective equation forms, and a sealed external challenge. External empirical signatures remain separate by logical necessity.",TRUE
488,Primary,9,GLOBAL CLOSURE AND SINGLE PROOF,_e897_complete_three_dimensional_world_unification_theorem,COMPLETE THREE DIMENSIONAL WORLD UNIFICATION THEOREM,"Conjoin the complete three-dimensional quotient-world, causal-light, metric, constant, equation, and exposition proofs.","The declared exact class now contains one causal chain from structured zero and residual recursion to a three-coordinate quotient world, a layer-invariant causal speed, a separated electromagnetic light candidate, wave-particle projection duality, closure-burden metric paths, projection-invariant constants, and thirty effective equation forms.",TRUE
489,Primary,9,GLOBAL CLOSURE AND SINGLE PROOF,_x893_external_frontier_integration_theorem,EXTERNAL FRONTIER INTEGRATION THEOREM,Integrate the eight formerly weak frontiers and expose the exact remaining external-only actions.,"Every frontier that can be closed by mathematics and deterministic computation inside one file is closed here. Actions that logically require an independent person, hidden data custodian, or resolution of a broader open problem are converted into signed fail-closed protocols rather than fabricated PASS values.",TRUE
490,Primary,9,GLOBAL CLOSURE AND SINGLE PROOF,_e898_complete_hierarchical_unification_theorem,COMPLETE HIERARCHICAL UNIFICATION THEOREM,"Conjoin all new rank, causality, quantum, scale, coefficient, observation, hierarchy, and exposition gates.","The complete declared-class result now follows one uninterrupted hierarchy from structured zero and temporal residuals to a minimal local three-dimensional world, exact causal and no-signalling quantum structure, generated effective equations and coefficients, and a frozen ratio-only observational verdict.",TRUE
491,Primary,9,GLOBAL CLOSURE AND SINGLE PROOF,_complete_dynamical_closure_unification_theorem,COMPLETE DYNAMICAL CLOSURE UNIFICATION THEOREM,"Conjoin the universal closure, memory, observable completion, JS-SH, four-force, standard-framework, prediction, and exposition theorems.","One native generator now connects static readouts, complete trajectories, exact force-sector quotient laws, finite memory when closure fails, minimal observable completion, JS-SH forward and reverse reconstruction, standard equations, bounded framework connections, and a sealed closure-defect prediction.",TRUE
492,Primary,9,GLOBAL CLOSURE AND SINGLE PROOF,_complete_nonlinear_continuous_unification_theorem,COMPLETE NONLINEAR CONTINUOUS UNIFICATION THEOREM,"Conjoin every nonlinear, continuous, JS-SH, four-force, standard-equation, framework, and semantic-decoder gate.","The universal rule now spans exact linear fibers, nonlinear polynomial factorization, continuous-time semigroups, finite memory, minimal nonlinear observables, JS-SH forward and reverse recurrences, one nonlinear four-force parent, thirty standard equation trajectory mechanisms, bounded framework connections, and a value-independent semantic ratio decoder.",TRUE
493,Primary,9,GLOBAL CLOSURE AND SINGLE PROOF,_generalized_dynamical_reader_exposition_theorem,GENERALIZED DYNAMICAL READER EXPOSITION THEOREM,"Verify premise-before-proof exposition for every generalized flow, memory, action, decoder, diagram, and prediction theorem.","The generalized closure program explains the premise before every calculation: Lie closure, exact nonlinear flow, nonlinear memory, JS-SH projective time, common-carrier action, decoder identifiability, thirty commuting diagrams, and the sealed multi-ratio packet.",TRUE
494,Primary,9,GLOBAL CLOSURE AND SINGLE PROOF,_complete_generalized_dynamical_unification_theorem,COMPLETE GENERALIZED DYNAMICAL UNIFICATION THEOREM,"Conjoin every generalized nonlinear-flow, memory, JS-SH, action, decoder, equation, prediction, and exposition gate.","One generalized rule now covers continuous polynomial Lie closure, an exact nonlinear global flow, nonlinear finite memory, JS-SH projective unitary motion, common-carrier four-force action descent, unique semantic force decoding, thirty commuting standard-equation diagrams, and an immutable multi-ratio prediction packet.",TRUE
495,Primary,9,GLOBAL CLOSURE AND SINGLE PROOF,_finite_sample_universality_boundary_theorem,FINITE SAMPLE UNIVERSALITY BOUNDARY THEOREM,Prove that no finite trajectory sample can certify unrestricted global identity and provide one exact counterexample polynomial.,"Finite agreement is necessary but not sufficient for an unrestricted law. The exact vanishing polynomial agrees with zero at every tested point and differs elsewhere. Therefore bounded certificates must state their function class, and empirical universality requires independent evidence beyond finite internal replay.",TRUE
496,Primary,9,GLOBAL CLOSURE AND SINGLE PROOF,_exact_frontier_reader_exposition_theorem,EXACT FRONTIER READER EXPOSITION THEOREM,"Verify complete reader orientation for the exact jet, flow, memory, JS-SH, action, decoder, verdict, and boundary layer.","Every final generalization states its premise and exact calculation before the certificate, yielding a self-contained proof sequence.",TRUE
497,Primary,9,GLOBAL CLOSURE AND SINGLE PROOF,_complete_exact_internal_frontier_theorem,COMPLETE EXACT INTERNAL FRONTIER THEOREM,Conjoin the final exact internal frontier while preserving external and unrestricted logical boundaries.,"The exact internal frontier now includes coefficientwise smooth-jet closure, a parameterized nonlinear flow family, arbitrary finite memory construction, continuous JS-SH generator compatibility, recursive action scale invariance, unique standard-mechanism decoding, a complete blind verdict contract, and a proof of why finite evidence cannot be promoted to unrestricted identity.",TRUE
498,Primary,9,GLOBAL CLOSURE AND SINGLE PROOF,_u905_retained_central_proof_theorem,RETAINED CENTRAL PROOF THEOREM,Execute the exact certificate for RETAINED CENTRAL PROOF THEOREM on its generated dependency domain.,"The compact algebra, local parent action, non-Abelian interaction, chiral matter, Lorentz, quantum, color, gravity, continuum, and scattering roots are recomputed. Every retained central root closes through its executable theorem gate.",TRUE
499,Primary,9,GLOBAL CLOSURE AND SINGLE PROOF,_u905_ratio_prediction_packet_theorem,RATIO PREDICTION PACKET THEOREM,Execute the exact certificate for RATIO PREDICTION PACKET THEOREM on its generated dependency domain.,All final observables are dimensionless ratios generated by the proof chain. Every single-component mutation changes the sealed packet.,TRUE
500,Primary,9,GLOBAL CLOSURE AND SINGLE PROOF,theorem_claim_scope_consistency,CLAIM SCOPE CONSISTENCY THEOREM,"Extend the complete stage-to-resolution ledger through symmetry factorization, physical scale ratios, all-order closure and native regulator universality.","Earlier theorem-local boundaries are paired with the exact later theorem that resolves each declared native obligation. Unrestricted external equivalence, empirical identification, and independent reproduction remain explicitly separated from internal completion.",TRUE
501,Primary,9,GLOBAL CLOSURE AND SINGLE PROOF,theorem_internal_unification_completion,INTERNAL UNIFICATION COMPLETION THEOREM,"Close every nonempirical obligation of the declared source theory through the factorized asymptotic, scale-ratio and native regulator-universality layers.","The arbitrary-depth algebra, completed generator, unique measure, gauge quotient, all correlations, gravity, RG, scattering, and blind ratio contract are joined in one theorem. Only an independent empirical verdict remains outside the mathematical source theory.",TRUE
502,Primary,9,GLOBAL CLOSURE AND SINGLE PROOF,theorem_structural_necessity_chain,STRUCTURAL NECESSITY CHAIN THEOREM,"Join the complete primitive-to-force proof with direct asymptotic factorization, scale decoding, native universality and external verdict separation.","The structural theorem follows one causal order from the unique minimal ledger through time, dimension, Lorentz structure, force carriers, matter, Higgs closure, continuum reconstruction, scale flow, and scattering. Every entry is recalculated from definitions in this file and every theorem gate is true.",TRUE
503,Primary,9,GLOBAL CLOSURE AND SINGLE PROOF,theorem_final_chain_target_independence,FINAL CHAIN TARGET INDEPENDENCE THEOREM,Verify that the repaired final field-content and one-loop bridge obtain their inputs from native theorem calls rather than literal external targets.,"The repaired final bridge is inspected at source level to reject a literal generation count, a copied beta-coefficient target, or an enabled external-value flag.",TRUE
504,Primary,9,GLOBAL CLOSURE AND SINGLE PROOF,theorem_unified_field_dependency_closure,UNIFIED FIELD DEPENDENCY CLOSURE THEOREM,"Close the complete internal dependency chain from the eighteen source states to time, space, Lorentz structure, four forces, matter, quantum measure, RG, scattering, gravity, and ratio-only falsification.","The complete proof is a directed acyclic chain from the eighteen nested source states to time, space, causal signature, four carriers, one action, matter, quantum measure, scale flow, scattering, gravity, and a ratio-only empirical gate.",TRUE
505,Primary,9,GLOBAL CLOSURE AND SINGLE PROOF,theorem_mobius_cross_ratio_prediction,MOBIUS CROSS RATIO PREDICTION THEOREM,Generate and seal unit-free four-sector projective invariants that survive every common source-shadow compression.,The common projective compression preserves ordered cross ratios. The generated four-sector points therefore supply exact scale- and unit-independent predictions that can be sealed before any external comparison.,TRUE
506,Primary,9,GLOBAL CLOSURE AND SINGLE PROOF,theorem_operator_spectral_prediction_capsule,OPERATOR SPECTRAL PREDICTION CAPSULE THEOREM,"Seal the scale-free spectral moments, sector threshold depths, eigenvalue ratios, and projective cross ratios of the parent compression operator.","Eigenvalue ratios, spectral moments, first crossing depths and projective cross ratios are sealed in one immutable packet without measured target values.",TRUE
507,Primary,9,GLOBAL CLOSURE AND SINGLE PROOF,theorem_five_item_completion_resolution,FIVE ITEM COMPLETION RESOLUTION THEOREM,Join the five completed mathematical constructions into one dependency-ordered closure packet.,"Continuum equivalence on the generated domain, native scale classification, one-anchor unit decoding and new prediction sealing are internal theorems. Only the occurrence of independent measurement and reproduction remains an external event.",TRUE
508,Primary,9,GLOBAL CLOSURE AND SINGLE PROOF,theorem_log_gravity_application_closure,LOG GRAVITY APPLICATION CLOSURE THEOREM,"Close the exact internal application of one source compression generator to continuum, RG, gravity, horizon and information readouts.","The source compression law is now applied to continuum completion, RG, dimension-dependent gravity, horizon rate, singularity classification and information balance. These are one acyclic dependency chain inside the declared native class, while absolute calibration and empirical identity remain external tests.",TRUE
509,Primary,9,GLOBAL CLOSURE AND SINGLE PROOF,theorem_master_source_shadow_compression_equation,MASTER SOURCE SHADOW COMPRESSION EQUATION THEOREM,"Join the corrected origin, projective, continuum, metric, gravity, information and four-role certificates.","The final equation chain joins regular source motion, bounded projection, discrete-to-continuum generation, mass rates, dimensional gravity, horizon compression, and four force readouts. Every numerical statement is an internally generated exact ratio; absolute calibration and unrestricted external identity remain separate falsifiable layers.",TRUE
510,Primary,9,GLOBAL CLOSURE AND SINGLE PROOF,theorem_complete_internal_four_force_field_closure,COMPLETE INTERNAL FOUR FORCE FIELD CLOSURE THEOREM,"Close the complete source theory from the eighteen primitive states through operator compression, continuum fields, scale classification and prediction sealing.","The final dependency chain begins with the eighteen signed occupancy states and ends with one operator-generated field theory, one scale gauge, a sealed prediction packet and a fail-closed external verdict boundary.",TRUE
511,Primary,9,GLOBAL CLOSURE AND SINGLE PROOF,theorem_thirty_equation_declared_solution_space_completion,THIRTY EQUATION DECLARED SOLUTION SPACE COMPLETION THEOREM,"Join every registered standard equation form to one native origin, one unique mechanism decoder, one commuting trajectory diagram, and the available internally generated coefficient class on the declared solution spaces.","Each of the thirty effective equation forms is placed after its native generator. The operator origin, trajectory mechanism, world projection, equation evolution, and ratio interface form one commuting diagram. The result is exact on the registered generated solution classes and does not import measured coefficients.",TRUE
512,Primary,9,GLOBAL CLOSURE AND SINGLE PROOF,theorem_covariant_residual_equation_descent_dictionary,COVARIANT RESIDUAL EQUATION DESCENT DICTIONARY THEOREM,"Map every registered principal effective-equation form to the covariant residual middle gate, its required generated companion, and the already proved trajectory certificate without claiming that one recurrence alone replaces all companion structures.","The parent covariant residual equation is the mandatory middle gate for compression, transport, curvature and action descent. Matter representation, closed-shell spectrum and boundary data remain generated companions rather than being falsely compressed into one recurrence. Every principal equation retains its proved native trajectory certificate.",TRUE
513,Primary,9,GLOBAL CLOSURE AND SINGLE PROOF,theorem_time_gravity_four_force_origin_closure,TIME GRAVITY FOUR FORCE ORIGIN CLOSURE THEOREM,"Close the chronological origin proof from the eighteen states through time, additive depth, space, gravity and the three internal gauge forces, with time as the sole dimensional anchor.","The final chronological chain runs from the eighteen origin states to time, additive depth, space, gravity, three internal gauge curvatures, one parent variation, one time anchor and a sealed external test.",TRUE
514,Primary,9,GLOBAL CLOSURE AND SINGLE PROOF,theorem_parent_shadow_four_force_completion,PARENT SHADOW FOUR FORCE COMPLETION THEOREM,"Join the canonical no-choice shadow decomposition, actual dispersion refinement, typed formula seal, and existing parent action into one strengthened four-force proof chain.","One source does not select one of several universes. The primitive grammar generates all canonical shadow blocks at once; admissible relabelings are equivalent descriptions, refinement removes the directional fourth-order defect, and one typed parent response produces the four projected field sectors.",TRUE
515,Primary,9,GLOBAL CLOSURE AND SINGLE PROOF,theorem_time_force_dynamical_completion,TIME FORCE DYNAMICAL COMPLETION THEOREM,"Close the strengthened internal chain from structured zero and time-first dimensional genesis through anonymous force identification, analytic parent action, nonlinear dynamics, sector RG, confinement, matter, and thirty effective equations.","The proof begins with the complete negative-zero-positive, A-B-C, full-empty grammar; generates time before space; derives the residual dimensions; identifies four anonymous carriers without a label permutation; fixes one parent action and response law analytically; and continues through nonlinear dynamics, running, confinement, matter, and thirty effective equation classes.",TRUE
516,Primary,9,GLOBAL CLOSURE AND SINGLE PROOF,theorem_covariant_residual_field_completion,COVARIANT RESIDUAL FIELD COMPLETION THEOREM,"Close the dependency-ordered proof from the eighteen-state grammar through time, spatial residuals, canonical force shadows, the logarithm-free covariant residual equation, gravity, curvature, one parent action, matter, RG, scattering, and thirty effective equation forms.",The proof is one continuous causal chain. Signed occupied and vacant relations generate time; temporal residuals generate space; the complete parent grammar generates the four anonymous shadows; the rational residual equation transports all sectors; its gravity projection gives the finite clock-correlation law; its holonomy gives curvature; and one parent action generates the four field equations and matter dynamics.,TRUE
517,Primary,9,GLOBAL CLOSURE AND SINGLE PROOF,theorem_thirty_equation_no_jump_dependency_ledger,THIRTY EQUATION NO JUMP DEPENDENCY LEDGER THEOREM,Expand every principal effective-equation row into an explicit dependency path from primitive grammar through the covariant residual middle gate and its generated companion mechanism.,Every effective equation is displayed only after an explicit chain from the primitive grammar to the common residual update and then to the necessary generated companion. No row is certified merely because its final textbook form is recognizable.,TRUE
518,Primary,9,GLOBAL CLOSURE AND SINGLE PROOF,theorem_covariant_residual_unification_completion,COVARIANT RESIDUAL UNIFICATION COMPLETION THEOREM,"Close the strengthened unification chain with the covariant residual equation as the explicit central dynamical gate and with no-jump curvature, gravity, action, equation and registry certificates.","The covariant residual equation is the central dynamical gate rather than a decorative bridge. Its edge operator is generated, its target is unique, its domain is preserved, its gauge and path laws close, its plaquette coefficient gives curvature, its gravity block gives the finite clock-ratio identity, and the sole parent action yields the four force and matter equations.",TRUE
519,Primary,9,GLOBAL CLOSURE AND SINGLE PROOF,theorem_authoritative_causal_spine_completion,AUTHORITATIVE CAUSAL SPINE COMPLETION THEOREM,Prove that the complete theory has one authoritative primitive-to-observable order and no obsolete alternative proof map.,"The proof map used by the executable certificate and the manuscript is uniquely fixed by dependency: primitive relation, time, residual space, shell, canonical carrier, covariant residual dynamics, gravity and holonomy, parent action, matter, observables, continuum and external test interface.",TRUE
520,Primary,9,GLOBAL CLOSURE AND SINGLE PROOF,theorem_runtime_source_metadata_coherence,RUNTIME SOURCE METADATA COHERENCE THEOREM,"Compute source line count, byte count, and SHA-256 directly from the executed standalone file rather than from copied metadata.",The executable certificate does not copy a line count or source digest from an earlier artifact. It reads the exact file being executed and calculates its metadata at runtime.,TRUE
521,Primary,9,GLOBAL CLOSURE AND SINGLE PROOF,theorem_external_scope_and_internal_claim_firewall,EXTERNAL SCOPE AND INTERNAL CLAIM FIREWALL THEOREM,"Separate internal exact closure from empirical identity, unrestricted continuum equivalence, historical priority, and third-party reproduction.",An internal exact theorem cannot manufacture evidence about nature or historical priority. Those questions remain signed external inputs even when the generated mathematical class is internally closed.,TRUE
522,Primary,9,GLOBAL CLOSURE AND SINGLE PROOF,theorem_final_standalone_residual_field_unification_certificate,FINAL STANDALONE RESIDUAL FIELD UNIFICATION CERTIFICATE,Conjoin the complete authoritative chain into one final standalone internal certificate.,"One self-contained file recomputes the primitive grammar, time, residual dimensions, canonical force carrier, covariant residual dynamics, finite gravity relation, curvature, single action, matter, ratios, continuum and effective descendants while preserving the boundary between internal theorem and external science.",TRUE
523,Primary,9,GLOBAL CLOSURE AND SINGLE PROOF,theorem_primary_registry_statement_coherence,PRIMARY REGISTRY STATEMENT COHERENCE THEOREM,Prove coherence of the chronological registry source and verify title-statement-result agreement for every newly strengthened root without recursively executing the registry itself.,"The appendix registry is sourced from the same chronological callable list used by execution. Every root has one contiguous ordinal, one unique callable name and one deterministic nonempty statement source. Every newly strengthened root is additionally executed here to verify exact agreement among its callable, proof title, theorem statement and true result.",TRUE
524,Primary,9,GLOBAL CLOSURE AND SINGLE PROOF,_chronological_origin_to_four_force_completion_theorem_905,CHRONOLOGICAL FOUR FORCE UNIFIED FIELD THEOREM,Execute the exact certificate for CHRONOLOGICAL FOUR FORCE UNIFIED FIELD THEOREM on its generated dependency domain.,"The proof proceeds without a derivation jump from signed occupancy to time, dimension, four carriers, one action, quantum structure, continuum flow, and scattering. All four interaction sectors close in one dependency-ordered executable theorem.",TRUE
525,Narrative,9,GLOBAL CLOSURE AND SINGLE PROOF,prove_native_proof_consistency,NATIVE PROOF CONSISTENCY,Execute the exact certificate for NATIVE PROOF CONSISTENCY on its generated dependency domain.,This theorem supplies the generated object required by the next causal stage.,TRUE
